
> mercyblade@0.0.0 test
> vitest run


 RUN  v3.2.4 /private/tmp/b1-test-stability-push.VtLu79

stdout | src/components/speech/__tests__/SpeechDrillPhonemes.test.tsx
[MB] Debug hooks attached {
  supabaseUrl: 'https://placeholder.invalid.supabase.co',
  projectId: 'placeholder.invalid.supabase.co',
  storageKey: 'mb-supabase-auth-placeholder.invalid.supabase.co',
  hasAnonKey: true,
  anonKeyPrefix: 'placeholder-anon-k…',
  isDev: true,
  devtools: [
    'window.__MB_SUPABASE__',
    'window.__MB_ENV__?.()',
    'await window.__MB_JWT__?.()',
    'await window.__MB_SESSION__?.()'
  ]
}

stderr | src/components/speech/__tests__/SpeechDrillPhonemes.test.tsx
[supabaseClient] Missing env vars { supabaseUrl: false, supabaseAnonKey: false }

stdout | src/components/speech/__tests__/SpeechDrill.test.tsx
[MB] Debug hooks attached {
  supabaseUrl: 'https://placeholder.invalid.supabase.co',
  projectId: 'placeholder.invalid.supabase.co',
  storageKey: 'mb-supabase-auth-placeholder.invalid.supabase.co',
  hasAnonKey: true,
  anonKeyPrefix: 'placeholder-anon-k…',
  isDev: true,
  devtools: [
    'window.__MB_SUPABASE__',
    'window.__MB_ENV__?.()',
    'await window.__MB_JWT__?.()',
    'await window.__MB_SESSION__?.()'
  ]
}

stderr | src/components/speech/__tests__/SpeechDrill.test.tsx
[supabaseClient] Missing env vars { supabaseUrl: false, supabaseAnonKey: false }

stdout | src/pages/onboarding/__tests__/OnboardingPage.test.tsx > OnboardingPage — target step (Screen 2, matrix-filtered) > vi-native menu excludes Spanish (decision 2) and pre-checks English
[analytics] {
  event: 'onboarding_step_complete',
  payload: { step: 'native', next: 'target', time_seconds: 0 },
  timestamp: '2026-05-20T14:30:20.235Z'
}

 ✓ src/components/speech/__tests__/SpeechDrillPhonemes.test.tsx (5 tests) 452ms
stdout | src/pages/onboarding/__tests__/OnboardingPage.test.tsx > OnboardingPage — target step (Screen 2, matrix-filtered) > shows honesty badges single-language VI, natural wording (A32 §2)
[analytics] {
  event: 'onboarding_step_complete',
  payload: { step: 'native', next: 'target', time_seconds: 0 },
  timestamp: '2026-05-20T14:30:20.368Z'
}

stdout | src/__tests__/navigation.integration.test.tsx > Navigation Integration Tests > Back Button Navigation > should navigate to correct parent when back button is clicked from standard room
[room-perf] t0:effect-start 0 roomId= adhd-support-level3

stderr | src/__tests__/navigation.integration.test.tsx > Navigation Integration Tests > Back Button Navigation > should navigate to correct parent when back button is clicked from standard room
[musicAudioUrl] VITE_SUPABASE_URL missing — audio will fail
[musicAudioUrl] VITE_SUPABASE_URL missing — audio will fail
[musicAudioUrl] VITE_SUPABASE_URL missing — audio will fail
[musicAudioUrl] VITE_SUPABASE_URL missing — audio will fail
[musicAudioUrl] VITE_SUPABASE_URL missing — audio will fail
[musicAudioUrl] VITE_SUPABASE_URL missing — audio will fail
[musicAudioUrl] VITE_SUPABASE_URL missing — audio will fail
[musicAudioUrl] VITE_SUPABASE_URL missing — audio will fail
[musicAudioUrl] VITE_SUPABASE_URL missing — audio will fail
[musicAudioUrl] VITE_SUPABASE_URL missing — audio will fail
[musicAudioUrl] VITE_SUPABASE_URL missing — audio will fail
[musicAudioUrl] VITE_SUPABASE_URL missing — audio will fail
[musicAudioUrl] VITE_SUPABASE_URL missing — audio will fail
[musicAudioUrl] VITE_SUPABASE_URL missing — audio will fail
[musicAudioUrl] VITE_SUPABASE_URL missing — audio will fail
[musicAudioUrl] VITE_SUPABASE_URL missing — audio will fail
[musicAudioUrl] VITE_SUPABASE_URL missing — audio will fail
[musicAudioUrl] VITE_SUPABASE_URL missing — audio will fail
[musicAudioUrl] VITE_SUPABASE_URL missing — audio will fail
[musicAudioUrl] VITE_SUPABASE_URL missing — audio will fail
[musicAudioUrl] VITE_SUPABASE_URL missing — audio will fail
[musicAudioUrl] VITE_SUPABASE_URL missing — audio will fail
[musicAudioUrl] VITE_SUPABASE_URL missing — audio will fail
[musicAudioUrl] VITE_SUPABASE_URL missing — audio will fail
[musicAudioUrl] VITE_SUPABASE_URL missing — audio will fail
[musicAudioUrl] VITE_SUPABASE_URL missing — audio will fail
[musicAudioUrl] VITE_SUPABASE_URL missing — audio will fail
[musicAudioUrl] VITE_SUPABASE_URL missing — audio will fail
[musicAudioUrl] VITE_SUPABASE_URL missing — audio will fail
[musicAudioUrl] VITE_SUPABASE_URL missing — audio will fail
[musicAudioUrl] VITE_SUPABASE_URL missing — audio will fail
[musicAudioUrl] VITE_SUPABASE_URL missing — audio will fail
[musicAudioUrl] VITE_SUPABASE_URL missing — audio will fail
[musicAudioUrl] VITE_SUPABASE_URL missing — audio will fail
[musicAudioUrl] VITE_SUPABASE_URL missing — audio will fail
[musicAudioUrl] VITE_SUPABASE_URL missing — audio will fail
[musicAudioUrl] VITE_SUPABASE_URL missing — audio will fail
⚠️ React Router Future Flag Warning: React Router will begin wrapping state updates in `React.startTransition` in v7. You can use the `v7_startTransition` future flag to opt-in early. For more information, see https://reactrouter.com/v6/upgrading/future#v7_starttransition.
⚠️ React Router Future Flag Warning: Relative route resolution within Splat routes is changing in v7. You can use the `v7_relativeSplatPath` future flag to opt-in early. For more information, see https://reactrouter.com/v6/upgrading/future#v7_relativesplatpath.

stdout | src/__tests__/navigation.integration.test.tsx > Navigation Integration Tests > Back Button Navigation > should navigate to correct parent when back button is clicked from standard room
[room-perf] t1:promise.all-resolved 80.35416600000008
[room-spec-cache] { hits: 0, misses: 1, size: 1 }

 ✓ src/hooks/__tests__/useAudioUrl.test.ts (19 tests) 774ms
 ✓ src/components/speech/__tests__/SpeechDrill.test.tsx (10 tests) 602ms
stdout | src/pages/onboarding/__tests__/OnboardingPage.test.tsx > OnboardingPage — target step (Screen 2, matrix-filtered) > en-native menu includes Spanish (its true pair) + Vietnamese
[analytics] {
  event: 'onboarding_step_complete',
  payload: { step: 'native', next: 'target', time_seconds: 0 },
  timestamp: '2026-05-20T14:30:20.429Z'
}

stdout | src/__tests__/navigation.integration.test.tsx > Navigation Integration Tests > Back Button Navigation > should navigate to /sexuality-culture when back is clicked from sub-room
[room-perf] t0:effect-start 0 roomId= sexuality-curiosity-level3-sub1

stderr | src/__tests__/navigation.integration.test.tsx > Navigation Integration Tests > Back Button Navigation > should navigate to /sexuality-culture when back is clicked from sub-room
[musicAudioUrl] VITE_SUPABASE_URL missing — audio will fail
[musicAudioUrl] VITE_SUPABASE_URL missing — audio will fail
[musicAudioUrl] VITE_SUPABASE_URL missing — audio will fail
[musicAudioUrl] VITE_SUPABASE_URL missing — audio will fail
[musicAudioUrl] VITE_SUPABASE_URL missing — audio will fail
[musicAudioUrl] VITE_SUPABASE_URL missing — audio will fail
[musicAudioUrl] VITE_SUPABASE_URL missing — audio will fail
[musicAudioUrl] VITE_SUPABASE_URL missing — audio will fail
[musicAudioUrl] VITE_SUPABASE_URL missing — audio will fail
[musicAudioUrl] VITE_SUPABASE_URL missing — audio will fail
[musicAudioUrl] VITE_SUPABASE_URL missing — audio will fail
[musicAudioUrl] VITE_SUPABASE_URL missing — audio will fail
[musicAudioUrl] VITE_SUPABASE_URL missing — audio will fail
[musicAudioUrl] VITE_SUPABASE_URL missing — audio will fail
[musicAudioUrl] VITE_SUPABASE_URL missing — audio will fail
[musicAudioUrl] VITE_SUPABASE_URL missing — audio will fail
[musicAudioUrl] VITE_SUPABASE_URL missing — audio will fail
[musicAudioUrl] VITE_SUPABASE_URL missing — audio will fail
[musicAudioUrl] VITE_SUPABASE_URL missing — audio will fail
[musicAudioUrl] VITE_SUPABASE_URL missing — audio will fail
[musicAudioUrl] VITE_SUPABASE_URL missing — audio will fail
[musicAudioUrl] VITE_SUPABASE_URL missing — audio will fail
[musicAudioUrl] VITE_SUPABASE_URL missing — audio will fail
[musicAudioUrl] VITE_SUPABASE_URL missing — audio will fail
[musicAudioUrl] VITE_SUPABASE_URL missing — audio will fail
[musicAudioUrl] VITE_SUPABASE_URL missing — audio will fail
[musicAudioUrl] VITE_SUPABASE_URL missing — audio will fail
[musicAudioUrl] VITE_SUPABASE_URL missing — audio will fail
[musicAudioUrl] VITE_SUPABASE_URL missing — audio will fail
[musicAudioUrl] VITE_SUPABASE_URL missing — audio will fail
[musicAudioUrl] VITE_SUPABASE_URL missing — audio will fail
[musicAudioUrl] VITE_SUPABASE_URL missing — audio will fail
[musicAudioUrl] VITE_SUPABASE_URL missing — audio will fail
[musicAudioUrl] VITE_SUPABASE_URL missing — audio will fail
[musicAudioUrl] VITE_SUPABASE_URL missing — audio will fail
[musicAudioUrl] VITE_SUPABASE_URL missing — audio will fail
[musicAudioUrl] VITE_SUPABASE_URL missing — audio will fail

stdout | src/__tests__/navigation.integration.test.tsx > Navigation Integration Tests > Back Button Navigation > should navigate to /sexuality-culture when back is clicked from sub-room
[room-perf] t1:promise.all-resolved 24.9029579999999
[room-spec-cache] { hits: 0, misses: 2, size: 2 }

 ✓ src/__tests__/navigation.integration.test.tsx (14 tests) 855ms
   ✓ Navigation Integration Tests > Back Button Navigation > should navigate to correct parent when back button is clicked from standard room  750ms
 ✓ src/hooks/__tests__/useUserAccess.snapshot.test.ts (22 tests) 948ms
stdout | src/pages/onboarding/__tests__/OnboardingPage.test.tsx > OnboardingPage — single-target Continue finishes (no confirmation) > vi → English (only) → Continue lands on home, no confirmation screen
[analytics] {
  event: 'onboarding_step_complete',
  payload: { step: 'native', next: 'target', time_seconds: 0 },
  timestamp: '2026-05-20T14:30:20.583Z'
}

stdout | src/pages/onboarding/__tests__/OnboardingPage.test.tsx > OnboardingPage — single-target Continue finishes (no confirmation) > vi → English (only) → Continue lands on home, no confirmation screen
[analytics] {
  event: 'onboarding_complete',
  payload: {
    native_language: 'vi',
    target_languages: [ 'en' ],
    primary_target: 'en',
    goal: null,
    profession: null,
    level: null,
    direction: 'default',
    first_route: '/',
    first_reason: 'onboarding_complete'
  },
  timestamp: '2026-05-20T14:30:20.635Z'
}

stdout | src/pages/onboarding/__tests__/OnboardingPage.test.tsx > OnboardingPage — single-target Continue finishes (no confirmation) > vi → English pair finishes → writes pair, lands on home (/)
[analytics] {
  event: 'onboarding_step_complete',
  payload: { step: 'native', next: 'target', time_seconds: 0 },
  timestamp: '2026-05-20T14:30:20.674Z'
}

stdout | src/pages/onboarding/__tests__/OnboardingPage.test.tsx > OnboardingPage — single-target Continue finishes (no confirmation) > vi → English pair finishes → writes pair, lands on home (/)
[analytics] {
  event: 'onboarding_complete',
  payload: {
    native_language: 'vi',
    target_languages: [ 'en' ],
    primary_target: 'en',
    goal: null,
    profession: null,
    level: null,
    direction: 'default',
    first_route: '/',
    first_reason: 'onboarding_complete'
  },
  timestamp: '2026-05-20T14:30:20.714Z'
}

stdout | src/pages/onboarding/__tests__/OnboardingPage.test.tsx > OnboardingPage — anonymous (no auth) persists to localStorage > anonymous multi-target finish writes the pair locally, skips Supabase
[analytics] {
  event: 'onboarding_step_complete',
  payload: { step: 'native', next: 'target', time_seconds: 0 },
  timestamp: '2026-05-20T14:30:20.768Z'
}

stdout | src/pages/onboarding/__tests__/OnboardingPage.test.tsx > OnboardingPage — anonymous (no auth) persists to localStorage > anonymous multi-target finish writes the pair locally, skips Supabase
[analytics] {
  event: 'onboarding_step_complete',
  payload: { step: 'target', next: 'start_with', time_seconds: 0 },
  timestamp: '2026-05-20T14:30:20.894Z'
}

stdout | src/pages/onboarding/__tests__/OnboardingPage.test.tsx > OnboardingPage — anonymous (no auth) persists to localStorage > anonymous multi-target finish writes the pair locally, skips Supabase
[analytics] {
  event: 'onboarding_complete',
  payload: {
    native_language: 'vi',
    target_languages: [ 'ja', 'en' ],
    primary_target: 'ja',
    goal: null,
    profession: null,
    level: null,
    direction: 'default',
    first_route: '/',
    first_reason: 'onboarding_complete'
  },
  timestamp: '2026-05-20T14:30:20.940Z'
}

stdout | src/pages/onboarding/__tests__/OnboardingPage.test.tsx > OnboardingPage — multi-target → start_with finishes (no confirmation) > vi → en+ja → start_with(ja) finishes to home (/), pair primary-first
[analytics] {
  event: 'onboarding_step_complete',
  payload: { step: 'native', next: 'target', time_seconds: 0 },
  timestamp: '2026-05-20T14:30:20.982Z'
}

stdout | src/pages/onboarding/__tests__/OnboardingPage.test.tsx > OnboardingPage — multi-target → start_with finishes (no confirmation) > vi → en+ja → start_with(ja) finishes to home (/), pair primary-first
[analytics] {
  event: 'onboarding_step_complete',
  payload: { step: 'target', next: 'start_with', time_seconds: 0 },
  timestamp: '2026-05-20T14:30:21.095Z'
}

stdout | src/pages/onboarding/__tests__/OnboardingPage.test.tsx > OnboardingPage — multi-target → start_with finishes (no confirmation) > vi → en+ja → start_with(ja) finishes to home (/), pair primary-first
[analytics] {
  event: 'onboarding_complete',
  payload: {
    native_language: 'vi',
    target_languages: [ 'ja', 'en' ],
    primary_target: 'ja',
    goal: null,
    profession: null,
    level: null,
    direction: 'default',
    first_route: '/',
    first_reason: 'onboarding_complete'
  },
  timestamp: '2026-05-20T14:30:21.138Z'
}

stderr | src/pages/admin/__tests__/AdminAnalyticsPage.test.tsx > AdminAnalyticsPage — gating > renders when admin level is 9 and flag is on
⚠️ React Router Future Flag Warning: React Router will begin wrapping state updates in `React.startTransition` in v7. You can use the `v7_startTransition` future flag to opt-in early. For more information, see https://reactrouter.com/v6/upgrading/future#v7_starttransition.
⚠️ React Router Future Flag Warning: Relative route resolution within Splat routes is changing in v7. You can use the `v7_relativeSplatPath` future flag to opt-in early. For more information, see https://reactrouter.com/v6/upgrading/future#v7_relativesplatpath.

stdout | src/pages/onboarding/__tests__/OnboardingPage.test.tsx > OnboardingPage — multi-target → start_with finishes (no confirmation) > startWith body uses natural VI ('vẫn luôn sẵn sàng', not 'ở đó')
[analytics] {
  event: 'onboarding_step_complete',
  payload: { step: 'native', next: 'target', time_seconds: 0 },
  timestamp: '2026-05-20T14:30:21.167Z'
}

stderr | src/pages/listening/__tests__/ClipPlayer.test.tsx > ClipPlayer > renders the clip title in VI and EN
⚠️ React Router Future Flag Warning: React Router will begin wrapping state updates in `React.startTransition` in v7. You can use the `v7_startTransition` future flag to opt-in early. For more information, see https://reactrouter.com/v6/upgrading/future#v7_starttransition.
⚠️ React Router Future Flag Warning: Relative route resolution within Splat routes is changing in v7. You can use the `v7_relativeSplatPath` future flag to opt-in early. For more information, see https://reactrouter.com/v6/upgrading/future#v7_relativesplatpath.

stdout | src/pages/onboarding/__tests__/OnboardingPage.test.tsx > OnboardingPage — multi-target → start_with finishes (no confirmation) > startWith body uses natural VI ('vẫn luôn sẵn sàng', not 'ở đó')
[analytics] {
  event: 'onboarding_step_complete',
  payload: { step: 'target', next: 'start_with', time_seconds: 0 },
  timestamp: '2026-05-20T14:30:21.271Z'
}

stdout | src/pages/onboarding/__tests__/OnboardingPage.test.tsx > OnboardingPage — skip flow cannot loop the gate > skip from the native entry writes vi → [en] (Home gate cannot loop)
[analytics] {
  event: 'onboarding_skipped',
  payload: {
    from_step: 'native',
    native_language: 'vi',
    target_languages: [ 'en' ],
    direction: 'default'
  },
  timestamp: '2026-05-20T14:30:21.306Z'
}

stderr | src/pages/listening/__tests__/ClipPlayer.test.tsx > ClipPlayer > highlights vocabulary keys with <mark> elements once the transcript is shown
Warning: An update to ClipPlayer inside a test was not wrapped in act(...).

When testing, code that causes React state updates should be wrapped into act(...):

act(() => {
  /* fire events that update state */
});
/* assert on the output */

This ensures that you're testing the behavior the user would see in the browser. Learn more at https://reactjs.org/link/wrap-tests-with-act
    at ClipPlayer (/private/tmp/b1-test-stability-push.VtLu79/src/pages/listening/ClipPlayer.tsx:81:62)
    at RenderedRoute (/Users/admin/MercyB/node_modules/react-router/dist/umd/react-router.development.js:539:7)
    at Routes (/Users/admin/MercyB/node_modules/react-router/dist/umd/react-router.development.js:1273:7)
    at Router (/Users/admin/MercyB/node_modules/react-router/dist/umd/react-router.development.js:1207:17)
    at MemoryRouter (/Users/admin/MercyB/node_modules/react-router/dist/umd/react-router.development.js:1101:7)

stdout | src/pages/onboarding/__tests__/OnboardingPage.test.tsx > OnboardingPage — skip flow cannot loop the gate > skip with no user id does not call supabase but still navigates
[analytics] {
  event: 'onboarding_skipped',
  payload: {
    from_step: 'native',
    native_language: 'vi',
    target_languages: [ 'en' ],
    direction: 'default'
  },
  timestamp: '2026-05-20T14:30:21.331Z'
}

stderr | src/pages/listening/__tests__/ClipPlayer.test.tsx > ClipPlayer > does not show the quiz until 'Trả lời câu hỏi' is clicked
Warning: An update to ClipPlayer inside a test was not wrapped in act(...).

When testing, code that causes React state updates should be wrapped into act(...):

act(() => {
  /* fire events that update state */
});
/* assert on the output */

This ensures that you're testing the behavior the user would see in the browser. Learn more at https://reactjs.org/link/wrap-tests-with-act
    at ClipPlayer (/private/tmp/b1-test-stability-push.VtLu79/src/pages/listening/ClipPlayer.tsx:81:62)
    at RenderedRoute (/Users/admin/MercyB/node_modules/react-router/dist/umd/react-router.development.js:539:7)
    at Routes (/Users/admin/MercyB/node_modules/react-router/dist/umd/react-router.development.js:1273:7)
    at Router (/Users/admin/MercyB/node_modules/react-router/dist/umd/react-router.development.js:1207:17)
    at MemoryRouter (/Users/admin/MercyB/node_modules/react-router/dist/umd/react-router.development.js:1101:7)

stdout | src/pages/onboarding/__tests__/OnboardingPage.test.tsx > OnboardingPage — skip flow cannot loop the gate > skip after choosing English native uses the en recommended pair (es)
[analytics] {
  event: 'onboarding_step_complete',
  payload: { step: 'native', next: 'target', time_seconds: 0 },
  timestamp: '2026-05-20T14:30:21.380Z'
}

stdout | src/pages/onboarding/__tests__/OnboardingPage.test.tsx > OnboardingPage — skip flow cannot loop the gate > skip after choosing English native uses the en recommended pair (es)
[analytics] {
  event: 'onboarding_skipped',
  payload: {
    from_step: 'target',
    native_language: 'en',
    target_languages: [ 'es' ],
    direction: 'default'
  },
  timestamp: '2026-05-20T14:30:21.435Z'
}

stderr | src/pages/listening/__tests__/ClipPlayer.test.tsx > ClipPlayer > disables Submit until every question is answered
Warning: An update to ClipPlayer inside a test was not wrapped in act(...).

When testing, code that causes React state updates should be wrapped into act(...):

act(() => {
  /* fire events that update state */
});
/* assert on the output */

This ensures that you're testing the behavior the user would see in the browser. Learn more at https://reactjs.org/link/wrap-tests-with-act
    at ClipPlayer (/private/tmp/b1-test-stability-push.VtLu79/src/pages/listening/ClipPlayer.tsx:81:62)
    at RenderedRoute (/Users/admin/MercyB/node_modules/react-router/dist/umd/react-router.development.js:539:7)
    at Routes (/Users/admin/MercyB/node_modules/react-router/dist/umd/react-router.development.js:1273:7)
    at Router (/Users/admin/MercyB/node_modules/react-router/dist/umd/react-router.development.js:1207:17)
    at MemoryRouter (/Users/admin/MercyB/node_modules/react-router/dist/umd/react-router.development.js:1101:7)
Warning: An update to ClipPlayer inside a test was not wrapped in act(...).

When testing, code that causes React state updates should be wrapped into act(...):

act(() => {
  /* fire events that update state */
});
/* assert on the output */

This ensures that you're testing the behavior the user would see in the browser. Learn more at https://reactjs.org/link/wrap-tests-with-act
    at ClipPlayer (/private/tmp/b1-test-stability-push.VtLu79/src/pages/listening/ClipPlayer.tsx:81:62)
    at RenderedRoute (/Users/admin/MercyB/node_modules/react-router/dist/umd/react-router.development.js:539:7)
    at Routes (/Users/admin/MercyB/node_modules/react-router/dist/umd/react-router.development.js:1273:7)
    at Router (/Users/admin/MercyB/node_modules/react-router/dist/umd/react-router.development.js:1207:17)
    at MemoryRouter (/Users/admin/MercyB/node_modules/react-router/dist/umd/react-router.development.js:1101:7)

stderr | src/hooks/__tests__/useFeatureFlag.test.ts > useFeatureFlag > returns defaultValue on supabase error
[useFeatureFlagQuery] errored_flag: rls denied

 ✓ src/pages/admin/__tests__/AdminAnalyticsPage.test.tsx (13 tests) 402ms
stdout | src/pages/onboarding/__tests__/OnboardingPage.test.tsx > OnboardingPage — back navigation > Back from target returns to native (default flow)
[analytics] {
  event: 'onboarding_step_complete',
  payload: { step: 'native', next: 'target', time_seconds: 0 },
  timestamp: '2026-05-20T14:30:21.488Z'
}

stderr | src/pages/listening/__tests__/ClipPlayer.test.tsx > ClipPlayer > renders a 'not found' message for an unknown clipId
Warning: An update to ClipPlayer inside a test was not wrapped in act(...).

When testing, code that causes React state updates should be wrapped into act(...):

act(() => {
  /* fire events that update state */
});
/* assert on the output */

This ensures that you're testing the behavior the user would see in the browser. Learn more at https://reactjs.org/link/wrap-tests-with-act
    at ClipPlayer (/private/tmp/b1-test-stability-push.VtLu79/src/pages/listening/ClipPlayer.tsx:81:62)
    at RenderedRoute (/Users/admin/MercyB/node_modules/react-router/dist/umd/react-router.development.js:539:7)
    at Routes (/Users/admin/MercyB/node_modules/react-router/dist/umd/react-router.development.js:1273:7)
    at Router (/Users/admin/MercyB/node_modules/react-router/dist/umd/react-router.development.js:1207:17)
    at MemoryRouter (/Users/admin/MercyB/node_modules/react-router/dist/umd/react-router.development.js:1101:7)

 ✓ src/pages/listening/__tests__/ClipPlayer.test.tsx (9 tests) 389ms
 ✓ src/hooks/__tests__/useFeatureFlag.test.ts (8 tests) 395ms
stdout | src/pages/onboarding/__tests__/OnboardingPage.test.tsx > OnboardingPage — chrome language follows native choice > vi-native: post-pick screens are VI-only (no EN subtitle)
[analytics] {
  event: 'onboarding_step_complete',
  payload: { step: 'native', next: 'target', time_seconds: 0 },
  timestamp: '2026-05-20T14:30:21.588Z'
}

stdout | src/pages/onboarding/__tests__/OnboardingPage.test.tsx > OnboardingPage — chrome language follows native choice > en-native: post-pick screens are EN-only (no VI primary)
[analytics] {
  event: 'onboarding_step_complete',
  payload: { step: 'native', next: 'target', time_seconds: 0 },
  timestamp: '2026-05-20T14:30:21.671Z'
}

 ✓ src/components/speech/__tests__/SpeechDrillTTS.test.tsx (7 tests) 443ms
 ✓ supabase/functions/_billing/__tests__/verifyGoogleJwt.test.ts (16 tests) 810ms
 ✓ scripts/__tests__/check-manifest-delta.test.mjs (6 tests) 2388ms
   ✓ check-manifest-delta — pre-commit guard > passes a legitimate room-add (room JSON staged, delta matches)  327ms
   ✓ check-manifest-delta — pre-commit guard > BLOCKS cross-contamination: parallel-agent delete not staged here  378ms
   ✓ check-manifest-delta — pre-commit guard > passes a legitimate delete (git rm staged → delta explained)  389ms
   ✓ check-manifest-delta — pre-commit guard > passes a legitimate rename (both sides staged via git mv)  436ms
   ✓ check-manifest-delta — pre-commit guard > passes a content-only edit (no manifest delta at all)  411ms
   ✓ check-manifest-delta — pre-commit guard > fails safe when HEAD manifest is present but unparseable  447ms
stdout | src/pages/onboarding/__tests__/OnboardingPage.test.tsx > OnboardingPage — ?direction=vn (en→vi) handler > Continue finishes → writes the en → [vi] pair and lands on home
[analytics] {
  event: 'onboarding_complete',
  payload: {
    native_language: 'en',
    target_languages: [ 'vi' ],
    primary_target: 'vi',
    goal: null,
    profession: null,
    level: null,
    direction: 'vn',
    first_route: '/',
    first_reason: 'onboarding_complete'
  },
  timestamp: '2026-05-20T14:30:22.018Z'
}

stdout | src/pages/onboarding/__tests__/OnboardingPage.test.tsx > OnboardingPage — ?direction=vn Skip preserves intent (A32 trap) > Skip writes en → [vi] (NOT the inverse vi → [en], NOT en → [es])
[analytics] {
  event: 'onboarding_skipped',
  payload: {
    from_step: 'target',
    native_language: 'en',
    target_languages: [ 'vi' ],
    direction: 'vn'
  },
  timestamp: '2026-05-20T14:30:22.078Z'
}

stdout | src/pages/onboarding/__tests__/OnboardingPage.test.tsx > OnboardingPage — ?direction=vn Skip preserves intent (A32 trap) > anonymous direction=vn Skip persists en → [vi] locally (gate cannot flip it)
[analytics] {
  event: 'onboarding_skipped',
  payload: {
    from_step: 'target',
    native_language: 'en',
    target_languages: [ 'vi' ],
    direction: 'vn'
  },
  timestamp: '2026-05-20T14:30:22.137Z'
}

 ✓ src/pages/onboarding/__tests__/OnboardingPage.test.tsx (28 tests) 2337ms
stdout | src/components/account/__tests__/TrackingConsentPanel.test.tsx
[MB] Debug hooks attached {
  supabaseUrl: 'https://placeholder.invalid.supabase.co',
  projectId: 'placeholder.invalid.supabase.co',
  storageKey: 'mb-supabase-auth-placeholder.invalid.supabase.co',
  hasAnonKey: true,
  anonKeyPrefix: 'placeholder-anon-k…',
  isDev: true,
  devtools: [
    'window.__MB_SUPABASE__',
    'window.__MB_ENV__?.()',
    'await window.__MB_JWT__?.()',
    'await window.__MB_SESSION__?.()'
  ]
}

stderr | src/components/account/__tests__/TrackingConsentPanel.test.tsx
[supabaseClient] Missing env vars { supabaseUrl: false, supabaseAnonKey: false }

stderr | src/services/__tests__/roomProgress.test.ts > roomProgress.trackRoomEntry > returns ok:false on persistent failure (retry also fails)
[roomProgress] trackRoomEntry failed: still broken

 ✓ src/services/__tests__/roomProgress.test.ts (10 tests) 3012ms
   ✓ roomProgress.trackRoomEntry > retries once on transient error then succeeds  1501ms
   ✓ roomProgress.trackRoomEntry > returns ok:false on persistent failure (retry also fails)  1503ms
stderr | src/pages/__tests__/MarketingLandingPage.test.tsx > MarketingLandingPage > Vietnamese positioning is the H1 (visual primary)
⚠️ React Router Future Flag Warning: React Router will begin wrapping state updates in `React.startTransition` in v7. You can use the `v7_startTransition` future flag to opt-in early. For more information, see https://reactrouter.com/v6/upgrading/future#v7_starttransition.
⚠️ React Router Future Flag Warning: Relative route resolution within Splat routes is changing in v7. You can use the `v7_relativeSplatPath` future flag to opt-in early. For more information, see https://reactrouter.com/v6/upgrading/future#v7_relativesplatpath.

stderr | src/pages/speech/__tests__/SpeechHistoryPage.test.tsx > SpeechHistoryPage — flag gating > renders a loading placeholder while the flag is resolving
⚠️ React Router Future Flag Warning: React Router will begin wrapping state updates in `React.startTransition` in v7. You can use the `v7_startTransition` future flag to opt-in early. For more information, see https://reactrouter.com/v6/upgrading/future#v7_starttransition.
⚠️ React Router Future Flag Warning: Relative route resolution within Splat routes is changing in v7. You can use the `v7_relativeSplatPath` future flag to opt-in early. For more information, see https://reactrouter.com/v6/upgrading/future#v7_relativesplatpath.

 ✓ src/pages/__tests__/MarketingLandingPage.test.tsx (4 tests) 446ms
 ✓ src/components/auth/__tests__/EmailBlock.codeFlow.test.tsx (4 tests) 460ms
stderr | src/pages/home/__tests__/LanguageTrackHome.test.tsx > LanguageTrackHome (non-English primary) > routes the primary CTA to the correct /languages slug
⚠️ React Router Future Flag Warning: React Router will begin wrapping state updates in `React.startTransition` in v7. You can use the `v7_startTransition` future flag to opt-in early. For more information, see https://reactrouter.com/v6/upgrading/future#v7_starttransition.
⚠️ React Router Future Flag Warning: Relative route resolution within Splat routes is changing in v7. You can use the `v7_relativeSplatPath` future flag to opt-in early. For more information, see https://reactrouter.com/v6/upgrading/future#v7_relativesplatpath.

 ✓ src/components/account/__tests__/TrackingConsentPanel.test.tsx (5 tests) 258ms
 ✓ src/pages/speech/__tests__/SpeechHistoryPage.test.tsx (7 tests) 334ms
 ✓ src/lib/queries/__tests__/dedupe.integration.test.ts (5 tests) 360ms
 ✓ src/pages/home/__tests__/LanguageTrackHome.test.tsx (5 tests) 730ms
   ✓ LanguageTrackHome (non-English primary) > routes the primary CTA to the correct /languages slug  404ms
 ✓ src/components/mercy-guide/tabs/__tests__/LanguageLessonsView.test.tsx (5 tests) 351ms
 ✓ src/pages/teacher-portal/__tests__/ReviewItem.test.tsx (3 tests) 308ms
stderr | src/pages/mock-interview/__tests__/MockInterviewRoom.test.tsx > MockInterviewRoom — pre-flight panel > does NOT render the community panel when feature flag is off
⚠️ React Router Future Flag Warning: React Router will begin wrapping state updates in `React.startTransition` in v7. You can use the `v7_startTransition` future flag to opt-in early. For more information, see https://reactrouter.com/v6/upgrading/future#v7_starttransition.
⚠️ React Router Future Flag Warning: Relative route resolution within Splat routes is changing in v7. You can use the `v7_relativeSplatPath` future flag to opt-in early. For more information, see https://reactrouter.com/v6/upgrading/future#v7_relativesplatpath.

stderr | src/pages/vocabulary/__tests__/ReviewSession.test.tsx > ReviewSession — anon user > shows sign-in nudge when no user
⚠️ React Router Future Flag Warning: React Router will begin wrapping state updates in `React.startTransition` in v7. You can use the `v7_startTransition` future flag to opt-in early. For more information, see https://reactrouter.com/v6/upgrading/future#v7_starttransition.
⚠️ React Router Future Flag Warning: Relative route resolution within Splat routes is changing in v7. You can use the `v7_relativeSplatPath` future flag to opt-in early. For more information, see https://reactrouter.com/v6/upgrading/future#v7_relativesplatpath.

 ✓ src/components/streak/__tests__/StreakHistoryPanel.test.tsx (22 tests) 277ms
 ✓ src/lib/__tests__/useEntitlements.giftRedemption.test.ts (6 tests) 304ms
 ✓ src/pages/mock-interview/__tests__/MockInterviewRoom.test.tsx (12 tests) 268ms
 ✓ src/pages/admin/__tests__/TeacherFeedbackTriage.test.tsx (3 tests) 260ms
stderr | src/lib/queries/__tests__/useProfileQuery.test.ts > useProfileQuery > surfaces supabase errors as react-query errors
[useProfileQuery] read failed: boom

 ✓ src/pages/vocabulary/__tests__/ReviewSession.test.tsx (11 tests) 468ms
 ✓ src/lib/queries/__tests__/useProfileQuery.test.ts (6 tests) 270ms
 ✓ src/components/placement/v3/__tests__/taskCards.test.tsx (9 tests) 427ms
 ✓ src/pages/teacher-portal/__tests__/ReviewQueue.test.tsx (3 tests) 316ms
stdout | src/pages/languages/__tests__/heroSubtitle.smoke.test.tsx
[MB] Debug hooks attached {
  supabaseUrl: 'https://placeholder.invalid.supabase.co',
  projectId: 'placeholder.invalid.supabase.co',
  storageKey: 'mb-supabase-auth-placeholder.invalid.supabase.co',
  hasAnonKey: true,
  anonKeyPrefix: 'placeholder-anon-k…',
  isDev: true,
  devtools: [
    'window.__MB_SUPABASE__',
    'window.__MB_ENV__?.()',
    'await window.__MB_JWT__?.()',
    'await window.__MB_SESSION__?.()'
  ]
}

stderr | src/pages/languages/__tests__/heroSubtitle.smoke.test.tsx
[supabaseClient] Missing env vars { supabaseUrl: false, supabaseAnonKey: false }

stdout | src/pages/languages/__tests__/uiChromeEn.smoke.test.tsx
[MB] Debug hooks attached {
  supabaseUrl: 'https://placeholder.invalid.supabase.co',
  projectId: 'placeholder.invalid.supabase.co',
  storageKey: 'mb-supabase-auth-placeholder.invalid.supabase.co',
  hasAnonKey: true,
  anonKeyPrefix: 'placeholder-anon-k…',
  isDev: true,
  devtools: [
    'window.__MB_SUPABASE__',
    'window.__MB_ENV__?.()',
    'await window.__MB_JWT__?.()',
    'await window.__MB_SESSION__?.()'
  ]
}

stderr | src/pages/languages/__tests__/uiChromeEn.smoke.test.tsx
[supabaseClient] Missing env vars { supabaseUrl: false, supabaseAnonKey: false }

 ✓ src/components/speech/__tests__/SpeechDrillSession.test.tsx (6 tests) 268ms
stdout | src/lib/queries/__tests__/useEntitlementQuery.test.ts
[MB] Debug hooks attached {
  supabaseUrl: 'https://placeholder.invalid.supabase.co',
  projectId: 'placeholder.invalid.supabase.co',
  storageKey: 'mb-supabase-auth-placeholder.invalid.supabase.co',
  hasAnonKey: true,
  anonKeyPrefix: 'placeholder-anon-k…',
  isDev: true,
  devtools: [
    'window.__MB_SUPABASE__',
    'window.__MB_ENV__?.()',
    'await window.__MB_JWT__?.()',
    'await window.__MB_SESSION__?.()'
  ]
}

stderr | src/lib/queries/__tests__/useEntitlementQuery.test.ts
[supabaseClient] Missing env vars { supabaseUrl: false, supabaseAnonKey: false }

stderr | src/pages/languages/__tests__/heroSubtitle.smoke.test.tsx > language-page hero subtitle (smoke, #509 §8) > Korean: VI mode (default) — VI title only, NO EN secondary line
⚠️ React Router Future Flag Warning: React Router will begin wrapping state updates in `React.startTransition` in v7. You can use the `v7_startTransition` future flag to opt-in early. For more information, see https://reactrouter.com/v6/upgrading/future#v7_starttransition.
⚠️ React Router Future Flag Warning: Relative route resolution within Splat routes is changing in v7. You can use the `v7_relativeSplatPath` future flag to opt-in early. For more information, see https://reactrouter.com/v6/upgrading/future#v7_relativesplatpath.

stderr | src/pages/languages/__tests__/uiChromeEn.smoke.test.tsx > language-page chrome — VI mode is byte-identical (#509 §8) > Korean: VI level tabs + nav aria unchanged, no English chrome leak
⚠️ React Router Future Flag Warning: React Router will begin wrapping state updates in `React.startTransition` in v7. You can use the `v7_startTransition` future flag to opt-in early. For more information, see https://reactrouter.com/v6/upgrading/future#v7_starttransition.
⚠️ React Router Future Flag Warning: Relative route resolution within Splat routes is changing in v7. You can use the `v7_relativeSplatPath` future flag to opt-in early. For more information, see https://reactrouter.com/v6/upgrading/future#v7_relativesplatpath.

stderr | src/pages/leaderboards/__tests__/MonthlyReferralLeaderboard.signupLink.test.tsx > MonthlyReferralLeaderboard — logged-out signup CTA route > links the signup CTA to /signin, never the unrouted /auth/signup
⚠️ React Router Future Flag Warning: React Router will begin wrapping state updates in `React.startTransition` in v7. You can use the `v7_startTransition` future flag to opt-in early. For more information, see https://reactrouter.com/v6/upgrading/future#v7_starttransition.
⚠️ React Router Future Flag Warning: Relative route resolution within Splat routes is changing in v7. You can use the `v7_relativeSplatPath` future flag to opt-in early. For more information, see https://reactrouter.com/v6/upgrading/future#v7_relativesplatpath.

 ✓ src/pages/leaderboards/__tests__/MonthlyReferralLeaderboard.signupLink.test.tsx (1 test) 219ms
stdout | src/components/languages/__tests__/uiLanguageToggle.smoke.test.tsx
[MB] Debug hooks attached {
  supabaseUrl: 'https://placeholder.invalid.supabase.co',
  projectId: 'placeholder.invalid.supabase.co',
  storageKey: 'mb-supabase-auth-placeholder.invalid.supabase.co',
  hasAnonKey: true,
  anonKeyPrefix: 'placeholder-anon-k…',
  isDev: true,
  devtools: [
    'window.__MB_SUPABASE__',
    'window.__MB_ENV__?.()',
    'await window.__MB_JWT__?.()',
    'await window.__MB_SESSION__?.()'
  ]
}

stderr | src/components/languages/__tests__/uiLanguageToggle.smoke.test.tsx
[supabaseClient] Missing env vars { supabaseUrl: false, supabaseAnonKey: false }

 ✓ src/pages/languages/__tests__/heroSubtitle.smoke.test.tsx (10 tests) 228ms
 ✓ src/pages/languages/__tests__/uiChromeEn.smoke.test.tsx (15 tests) 247ms
 ✓ src/lib/queries/__tests__/useEntitlementQuery.test.ts (4 tests) 188ms
 ✓ src/hooks/__tests__/useLessonData.test.ts (4 tests) 200ms
stderr | src/components/mercy-guide/__tests__/UnifiedMercyChat.test.tsx > UnifiedMercyChat — settings + classic toggle > classic toggle calls setSessionType('classic') and onRequestClassic
Warning: An update to UnifiedMercyChat inside a test was not wrapped in act(...).

When testing, code that causes React state updates should be wrapped into act(...):

act(() => {
  /* fire events that update state */
});
/* assert on the output */

This ensures that you're testing the behavior the user would see in the browser. Learn more at https://reactjs.org/link/wrap-tests-with-act
    at UnifiedMercyChat (/private/tmp/b1-test-stability-push.VtLu79/src/components/mercy-guide/UnifiedMercyChat.tsx:49:65)

 ✓ src/components/mercy-guide/__tests__/UnifiedMercyChat.test.tsx (27 tests) 140ms
stderr | src/components/native/__tests__/NativeBootstrap.test.tsx > NativeBootstrap — N4 native UX bootstrap > still hides the splash when an optional native call rejects (core path survives)
[NativeBootstrap] StatusBar.setStyle failed Error: boom
    at /private/tmp/b1-test-stability-push.VtLu79/src/components/native/__tests__/NativeBootstrap.test.tsx:86:58
    at mockCall (file:///Users/admin/MercyB/node_modules/@vitest/spy/dist/index.js:96:15)
    at spy (file:///Users/admin/MercyB/node_modules/tinyspy/dist/index.js:47:80)
    at Object.setStyle (/private/tmp/b1-test-stability-push.VtLu79/src/components/native/__tests__/NativeBootstrap.test.tsx:18:42)
    at /private/tmp/b1-test-stability-push.VtLu79/src/components/native/NativeBootstrap.tsx:67:29

 ✓ src/components/native/__tests__/NativeBootstrap.test.tsx (4 tests) 176ms
stderr | src/components/languages/__tests__/uiLanguageToggle.smoke.test.tsx > LessonRenderer uiLanguage gloss switching (smoke) > Korean (B2): default renders Vietnamese gloss, not English
Warning: An update to LessonAudioButton inside a test was not wrapped in act(...).

When testing, code that causes React state updates should be wrapped into act(...):

act(() => {
  /* fire events that update state */
});
/* assert on the output */

This ensures that you're testing the behavior the user would see in the browser. Learn more at https://reactjs.org/link/wrap-tests-with-act
    at LessonAudioButton (/private/tmp/b1-test-stability-push.VtLu79/src/components/languages/LessonAudioButton.tsx:8:30)
    at div
    at li
    at ol
    at div
    at article
    at LessonRenderer (/private/tmp/b1-test-stability-push.VtLu79/src/components/languages/LessonRenderer.tsx:86:3)
Warning: An update to LessonAudioButton inside a test was not wrapped in act(...).

When testing, code that causes React state updates should be wrapped into act(...):

act(() => {
  /* fire events that update state */
});
/* assert on the output */

This ensures that you're testing the behavior the user would see in the browser. Learn more at https://reactjs.org/link/wrap-tests-with-act
    at LessonAudioButton (/private/tmp/b1-test-stability-push.VtLu79/src/components/languages/LessonAudioButton.tsx:8:30)
    at div
    at li
    at ol
    at div
    at article
    at LessonRenderer (/private/tmp/b1-test-stability-push.VtLu79/src/components/languages/LessonRenderer.tsx:86:3)
Warning: An update to LessonAudioButton inside a test was not wrapped in act(...).

When testing, code that causes React state updates should be wrapped into act(...):

act(() => {
  /* fire events that update state */
});
/* assert on the output */

This ensures that you're testing the behavior the user would see in the browser. Learn more at https://reactjs.org/link/wrap-tests-with-act
    at LessonAudioButton (/private/tmp/b1-test-stability-push.VtLu79/src/components/languages/LessonAudioButton.tsx:8:30)
    at div
    at li
    at ol
    at div
    at article
    at LessonRenderer (/private/tmp/b1-test-stability-push.VtLu79/src/components/languages/LessonRenderer.tsx:86:3)
Warning: An update to LessonAudioButton inside a test was not wrapped in act(...).

When testing, code that causes React state updates should be wrapped into act(...):

act(() => {
  /* fire events that update state */
});
/* assert on the output */

This ensures that you're testing the behavior the user would see in the browser. Learn more at https://reactjs.org/link/wrap-tests-with-act
    at LessonAudioButton (/private/tmp/b1-test-stability-push.VtLu79/src/components/languages/LessonAudioButton.tsx:8:30)
    at div
    at li
    at ol
    at div
    at article
    at LessonRenderer (/private/tmp/b1-test-stability-push.VtLu79/src/components/languages/LessonRenderer.tsx:86:3)
Warning: An update to LessonAudioButton inside a test was not wrapped in act(...).

When testing, code that causes React state updates should be wrapped into act(...):

act(() => {
  /* fire events that update state */
});
/* assert on the output */

This ensures that you're testing the behavior the user would see in the browser. Learn more at https://reactjs.org/link/wrap-tests-with-act
    at LessonAudioButton (/private/tmp/b1-test-stability-push.VtLu79/src/components/languages/LessonAudioButton.tsx:8:30)
    at div
    at li
    at ol
    at div
    at article
    at LessonRenderer (/private/tmp/b1-test-stability-push.VtLu79/src/components/languages/LessonRenderer.tsx:86:3)
Warning: An update to LessonAudioButton inside a test was not wrapped in act(...).

When testing, code that causes React state updates should be wrapped into act(...):

act(() => {
  /* fire events that update state */
});
/* assert on the output */

This ensures that you're testing the behavior the user would see in the browser. Learn more at https://reactjs.org/link/wrap-tests-with-act
    at LessonAudioButton (/private/tmp/b1-test-stability-push.VtLu79/src/components/languages/LessonAudioButton.tsx:8:30)
    at div
    at div
    at div
    at div
    at article
    at LessonRenderer (/private/tmp/b1-test-stability-push.VtLu79/src/components/languages/LessonRenderer.tsx:86:3)
Warning: An update to LessonAudioButton inside a test was not wrapped in act(...).

When testing, code that causes React state updates should be wrapped into act(...):

act(() => {
  /* fire events that update state */
});
/* assert on the output */

This ensures that you're testing the behavior the user would see in the browser. Learn more at https://reactjs.org/link/wrap-tests-with-act
    at LessonAudioButton (/private/tmp/b1-test-stability-push.VtLu79/src/components/languages/LessonAudioButton.tsx:8:30)
    at div
    at div
    at div
    at div
    at article
    at LessonRenderer (/private/tmp/b1-test-stability-push.VtLu79/src/components/languages/LessonRenderer.tsx:86:3)
Warning: An update to LessonAudioButton inside a test was not wrapped in act(...).

When testing, code that causes React state updates should be wrapped into act(...):

act(() => {
  /* fire events that update state */
});
/* assert on the output */

This ensures that you're testing the behavior the user would see in the browser. Learn more at https://reactjs.org/link/wrap-tests-with-act
    at LessonAudioButton (/private/tmp/b1-test-stability-push.VtLu79/src/components/languages/LessonAudioButton.tsx:8:30)
    at div
    at div
    at div
    at div
    at article
    at LessonRenderer (/private/tmp/b1-test-stability-push.VtLu79/src/components/languages/LessonRenderer.tsx:86:3)
Warning: An update to LessonAudioButton inside a test was not wrapped in act(...).

When testing, code that causes React state updates should be wrapped into act(...):

act(() => {
  /* fire events that update state */
});
/* assert on the output */

This ensures that you're testing the behavior the user would see in the browser. Learn more at https://reactjs.org/link/wrap-tests-with-act
    at LessonAudioButton (/private/tmp/b1-test-stability-push.VtLu79/src/components/languages/LessonAudioButton.tsx:8:30)
    at div
    at div
    at div
    at div
    at article
    at LessonRenderer (/private/tmp/b1-test-stability-push.VtLu79/src/components/languages/LessonRenderer.tsx:86:3)
Warning: An update to LessonAudioButton inside a test was not wrapped in act(...).

When testing, code that causes React state updates should be wrapped into act(...):

act(() => {
  /* fire events that update state */
});
/* assert on the output */

This ensures that you're testing the behavior the user would see in the browser. Learn more at https://reactjs.org/link/wrap-tests-with-act
    at LessonAudioButton (/private/tmp/b1-test-stability-push.VtLu79/src/components/languages/LessonAudioButton.tsx:8:30)
    at div
    at div
    at div
    at div
    at article
    at LessonRenderer (/private/tmp/b1-test-stability-push.VtLu79/src/components/languages/LessonRenderer.tsx:86:3)
Warning: An update to LessonAudioButton inside a test was not wrapped in act(...).

When testing, code that causes React state updates should be wrapped into act(...):

act(() => {
  /* fire events that update state */
});
/* assert on the output */

This ensures that you're testing the behavior the user would see in the browser. Learn more at https://reactjs.org/link/wrap-tests-with-act
    at LessonAudioButton (/private/tmp/b1-test-stability-push.VtLu79/src/components/languages/LessonAudioButton.tsx:8:30)
    at div
    at div
    at div
    at div
    at article
    at LessonRenderer (/private/tmp/b1-test-stability-push.VtLu79/src/components/languages/LessonRenderer.tsx:86:3)
Warning: An update to LessonAudioButton inside a test was not wrapped in act(...).

When testing, code that causes React state updates should be wrapped into act(...):

act(() => {
  /* fire events that update state */
});
/* assert on the output */

This ensures that you're testing the behavior the user would see in the browser. Learn more at https://reactjs.org/link/wrap-tests-with-act
    at LessonAudioButton (/private/tmp/b1-test-stability-push.VtLu79/src/components/languages/LessonAudioButton.tsx:8:30)
    at div
    at div
    at div
    at div
    at article
    at LessonRenderer (/private/tmp/b1-test-stability-push.VtLu79/src/components/languages/LessonRenderer.tsx:86:3)
Warning: An update to LessonAudioButton inside a test was not wrapped in act(...).

When testing, code that causes React state updates should be wrapped into act(...):

act(() => {
  /* fire events that update state */
});
/* assert on the output */

This ensures that you're testing the behavior the user would see in the browser. Learn more at https://reactjs.org/link/wrap-tests-with-act
    at LessonAudioButton (/private/tmp/b1-test-stability-push.VtLu79/src/components/languages/LessonAudioButton.tsx:8:30)
    at div
    at div
    at div
    at div
    at article
    at LessonRenderer (/private/tmp/b1-test-stability-push.VtLu79/src/components/languages/LessonRenderer.tsx:86:3)
Warning: An update to LessonAudioButton inside a test was not wrapped in act(...).

When testing, code that causes React state updates should be wrapped into act(...):

act(() => {
  /* fire events that update state */
});
/* assert on the output */

This ensures that you're testing the behavior the user would see in the browser. Learn more at https://reactjs.org/link/wrap-tests-with-act
    at LessonAudioButton (/private/tmp/b1-test-stability-push.VtLu79/src/components/languages/LessonAudioButton.tsx:8:30)
    at div
    at div
    at div
    at div
    at article
    at LessonRenderer (/private/tmp/b1-test-stability-push.VtLu79/src/components/languages/LessonRenderer.tsx:86:3)
Warning: An update to LessonAudioButton inside a test was not wrapped in act(...).

When testing, code that causes React state updates should be wrapped into act(...):

act(() => {
  /* fire events that update state */
});
/* assert on the output */

This ensures that you're testing the behavior the user would see in the browser. Learn more at https://reactjs.org/link/wrap-tests-with-act
    at LessonAudioButton (/private/tmp/b1-test-stability-push.VtLu79/src/components/languages/LessonAudioButton.tsx:8:30)
    at div
    at div
    at div
    at div
    at article
    at LessonRenderer (/private/tmp/b1-test-stability-push.VtLu79/src/components/languages/LessonRenderer.tsx:86:3)
Warning: An update to LessonAudioButton inside a test was not wrapped in act(...).

When testing, code that causes React state updates should be wrapped into act(...):

act(() => {
  /* fire events that update state */
});
/* assert on the output */

This ensures that you're testing the behavior the user would see in the browser. Learn more at https://reactjs.org/link/wrap-tests-with-act
    at LessonAudioButton (/private/tmp/b1-test-stability-push.VtLu79/src/components/languages/LessonAudioButton.tsx:8:30)
    at div
    at div
    at DialogueLineRows (/private/tmp/b1-test-stability-push.VtLu79/src/components/languages/LessonRenderer.tsx:1112:3)
    at div
    at div
    at article
    at LessonRenderer (/private/tmp/b1-test-stability-push.VtLu79/src/components/languages/LessonRenderer.tsx:86:3)
Warning: An update to LessonAudioButton inside a test was not wrapped in act(...).

When testing, code that causes React state updates should be wrapped into act(...):

act(() => {
  /* fire events that update state */
});
/* assert on the output */

This ensures that you're testing the behavior the user would see in the browser. Learn more at https://reactjs.org/link/wrap-tests-with-act
    at LessonAudioButton (/private/tmp/b1-test-stability-push.VtLu79/src/components/languages/LessonAudioButton.tsx:8:30)
    at div
    at div
    at DialogueLineRows (/private/tmp/b1-test-stability-push.VtLu79/src/components/languages/LessonRenderer.tsx:1112:3)
    at div
    at div
    at article
    at LessonRenderer (/private/tmp/b1-test-stability-push.VtLu79/src/components/languages/LessonRenderer.tsx:86:3)
Warning: An update to LessonAudioButton inside a test was not wrapped in act(...).

When testing, code that causes React state updates should be wrapped into act(...):

act(() => {
  /* fire events that update state */
});
/* assert on the output */

This ensures that you're testing the behavior the user would see in the browser. Learn more at https://reactjs.org/link/wrap-tests-with-act
    at LessonAudioButton (/private/tmp/b1-test-stability-push.VtLu79/src/components/languages/LessonAudioButton.tsx:8:30)
    at div
    at div
    at DialogueLineRows (/private/tmp/b1-test-stability-push.VtLu79/src/components/languages/LessonRenderer.tsx:1112:3)
    at div
    at div
    at article
    at LessonRenderer (/private/tmp/b1-test-stability-push.VtLu79/src/components/languages/LessonRenderer.tsx:86:3)
Warning: An update to LessonAudioButton inside a test was not wrapped in act(...).

When testing, code that causes React state updates should be wrapped into act(...):

act(() => {
  /* fire events that update state */
});
/* assert on the output */

This ensures that you're testing the behavior the user would see in the browser. Learn more at https://reactjs.org/link/wrap-tests-with-act
    at LessonAudioButton (/private/tmp/b1-test-stability-push.VtLu79/src/components/languages/LessonAudioButton.tsx:8:30)
    at div
    at div
    at DialogueLineRows (/private/tmp/b1-test-stability-push.VtLu79/src/components/languages/LessonRenderer.tsx:1112:3)
    at div
    at div
    at article
    at LessonRenderer (/private/tmp/b1-test-stability-push.VtLu79/src/components/languages/LessonRenderer.tsx:86:3)

stderr | src/components/languages/__tests__/uiLanguageToggle.smoke.test.tsx > LessonRenderer uiLanguage gloss switching (smoke) > Korean (B2): default renders Vietnamese gloss, not English
Not implemented: HTMLMediaElement's pause() method
Not implemented: HTMLMediaElement's pause() method
Not implemented: HTMLMediaElement's pause() method
Not implemented: HTMLMediaElement's pause() method
Not implemented: HTMLMediaElement's pause() method
Not implemented: HTMLMediaElement's pause() method
Not implemented: HTMLMediaElement's pause() method
Not implemented: HTMLMediaElement's pause() method
Not implemented: HTMLMediaElement's pause() method
Not implemented: HTMLMediaElement's pause() method
Not implemented: HTMLMediaElement's pause() method
Not implemented: HTMLMediaElement's pause() method
Not implemented: HTMLMediaElement's pause() method
Not implemented: HTMLMediaElement's pause() method
Not implemented: HTMLMediaElement's pause() method
Not implemented: HTMLMediaElement's pause() method
Not implemented: HTMLMediaElement's pause() method
Not implemented: HTMLMediaElement's pause() method
Not implemented: HTMLMediaElement's pause() method

stderr | src/components/languages/__tests__/uiLanguageToggle.smoke.test.tsx > LessonRenderer uiLanguage gloss switching (smoke) > Korean (B2): uiLanguage="en" renders the authored English gloss
Warning: An update to LessonAudioButton inside a test was not wrapped in act(...).

When testing, code that causes React state updates should be wrapped into act(...):

act(() => {
  /* fire events that update state */
});
/* assert on the output */

This ensures that you're testing the behavior the user would see in the browser. Learn more at https://reactjs.org/link/wrap-tests-with-act
    at LessonAudioButton (/private/tmp/b1-test-stability-push.VtLu79/src/components/languages/LessonAudioButton.tsx:8:30)
    at div
    at li
    at ol
    at div
    at article
    at LessonRenderer (/private/tmp/b1-test-stability-push.VtLu79/src/components/languages/LessonRenderer.tsx:86:3)
Warning: An update to LessonAudioButton inside a test was not wrapped in act(...).

When testing, code that causes React state updates should be wrapped into act(...):

act(() => {
  /* fire events that update state */
});
/* assert on the output */

This ensures that you're testing the behavior the user would see in the browser. Learn more at https://reactjs.org/link/wrap-tests-with-act
    at LessonAudioButton (/private/tmp/b1-test-stability-push.VtLu79/src/components/languages/LessonAudioButton.tsx:8:30)
    at div
    at li
    at ol
    at div
    at article
    at LessonRenderer (/private/tmp/b1-test-stability-push.VtLu79/src/components/languages/LessonRenderer.tsx:86:3)
Warning: An update to LessonAudioButton inside a test was not wrapped in act(...).

When testing, code that causes React state updates should be wrapped into act(...):

act(() => {
  /* fire events that update state */
});
/* assert on the output */

This ensures that you're testing the behavior the user would see in the browser. Learn more at https://reactjs.org/link/wrap-tests-with-act
    at LessonAudioButton (/private/tmp/b1-test-stability-push.VtLu79/src/components/languages/LessonAudioButton.tsx:8:30)
    at div
    at li
    at ol
    at div
    at article
    at LessonRenderer (/private/tmp/b1-test-stability-push.VtLu79/src/components/languages/LessonRenderer.tsx:86:3)
Warning: An update to LessonAudioButton inside a test was not wrapped in act(...).

When testing, code that causes React state updates should be wrapped into act(...):

act(() => {
  /* fire events that update state */
});
/* assert on the output */

This ensures that you're testing the behavior the user would see in the browser. Learn more at https://reactjs.org/link/wrap-tests-with-act
    at LessonAudioButton (/private/tmp/b1-test-stability-push.VtLu79/src/components/languages/LessonAudioButton.tsx:8:30)
    at div
    at li
    at ol
    at div
    at article
    at LessonRenderer (/private/tmp/b1-test-stability-push.VtLu79/src/components/languages/LessonRenderer.tsx:86:3)
Warning: An update to LessonAudioButton inside a test was not wrapped in act(...).

When testing, code that causes React state updates should be wrapped into act(...):

act(() => {
  /* fire events that update state */
});
/* assert on the output */

This ensures that you're testing the behavior the user would see in the browser. Learn more at https://reactjs.org/link/wrap-tests-with-act
    at LessonAudioButton (/private/tmp/b1-test-stability-push.VtLu79/src/components/languages/LessonAudioButton.tsx:8:30)
    at div
    at li
    at ol
    at div
    at article
    at LessonRenderer (/private/tmp/b1-test-stability-push.VtLu79/src/components/languages/LessonRenderer.tsx:86:3)
Warning: An update to LessonAudioButton inside a test was not wrapped in act(...).

When testing, code that causes React state updates should be wrapped into act(...):

act(() => {
  /* fire events that update state */
});
/* assert on the output */

This ensures that you're testing the behavior the user would see in the browser. Learn more at https://reactjs.org/link/wrap-tests-with-act
    at LessonAudioButton (/private/tmp/b1-test-stability-push.VtLu79/src/components/languages/LessonAudioButton.tsx:8:30)
    at div
    at div
    at div
    at div
    at article
    at LessonRenderer (/private/tmp/b1-test-stability-push.VtLu79/src/components/languages/LessonRenderer.tsx:86:3)
Warning: An update to LessonAudioButton inside a test was not wrapped in act(...).

When testing, code that causes React state updates should be wrapped into act(...):

act(() => {
  /* fire events that update state */
});
/* assert on the output */

This ensures that you're testing the behavior the user would see in the browser. Learn more at https://reactjs.org/link/wrap-tests-with-act
    at LessonAudioButton (/private/tmp/b1-test-stability-push.VtLu79/src/components/languages/LessonAudioButton.tsx:8:30)
    at div
    at div
    at div
    at div
    at article
    at LessonRenderer (/private/tmp/b1-test-stability-push.VtLu79/src/components/languages/LessonRenderer.tsx:86:3)
Warning: An update to LessonAudioButton inside a test was not wrapped in act(...).

When testing, code that causes React state updates should be wrapped into act(...):

act(() => {
  /* fire events that update state */
});
/* assert on the output */

This ensures that you're testing the behavior the user would see in the browser. Learn more at https://reactjs.org/link/wrap-tests-with-act
    at LessonAudioButton (/private/tmp/b1-test-stability-push.VtLu79/src/components/languages/LessonAudioButton.tsx:8:30)
    at div
    at div
    at div
    at div
    at article
    at LessonRenderer (/private/tmp/b1-test-stability-push.VtLu79/src/components/languages/LessonRenderer.tsx:86:3)
Warning: An update to LessonAudioButton inside a test was not wrapped in act(...).

When testing, code that causes React state updates should be wrapped into act(...):

act(() => {
  /* fire events that update state */
});
/* assert on the output */

This ensures that you're testing the behavior the user would see in the browser. Learn more at https://reactjs.org/link/wrap-tests-with-act
    at LessonAudioButton (/private/tmp/b1-test-stability-push.VtLu79/src/components/languages/LessonAudioButton.tsx:8:30)
    at div
    at div
    at div
    at div
    at article
    at LessonRenderer (/private/tmp/b1-test-stability-push.VtLu79/src/components/languages/LessonRenderer.tsx:86:3)
Warning: An update to LessonAudioButton inside a test was not wrapped in act(...).

When testing, code that causes React state updates should be wrapped into act(...):

act(() => {
  /* fire events that update state */
});
/* assert on the output */

This ensures that you're testing the behavior the user would see in the browser. Learn more at https://reactjs.org/link/wrap-tests-with-act
    at LessonAudioButton (/private/tmp/b1-test-stability-push.VtLu79/src/components/languages/LessonAudioButton.tsx:8:30)
    at div
    at div
    at div
    at div
    at article
    at LessonRenderer (/private/tmp/b1-test-stability-push.VtLu79/src/components/languages/LessonRenderer.tsx:86:3)
Warning: An update to LessonAudioButton inside a test was not wrapped in act(...).

When testing, code that causes React state updates should be wrapped into act(...):

act(() => {
  /* fire events that update state */
});
/* assert on the output */

This ensures that you're testing the behavior the user would see in the browser. Learn more at https://reactjs.org/link/wrap-tests-with-act
    at LessonAudioButton (/private/tmp/b1-test-stability-push.VtLu79/src/components/languages/LessonAudioButton.tsx:8:30)
    at div
    at div
    at div
    at div
    at article
    at LessonRenderer (/private/tmp/b1-test-stability-push.VtLu79/src/components/languages/LessonRenderer.tsx:86:3)
Warning: An update to LessonAudioButton inside a test was not wrapped in act(...).

When testing, code that causes React state updates should be wrapped into act(...):

act(() => {
  /* fire events that update state */
});
/* assert on the output */

This ensures that you're testing the behavior the user would see in the browser. Learn more at https://reactjs.org/link/wrap-tests-with-act
    at LessonAudioButton (/private/tmp/b1-test-stability-push.VtLu79/src/components/languages/LessonAudioButton.tsx:8:30)
    at div
    at div
    at div
    at div
    at article
    at LessonRenderer (/private/tmp/b1-test-stability-push.VtLu79/src/components/languages/LessonRenderer.tsx:86:3)
Warning: An update to LessonAudioButton inside a test was not wrapped in act(...).

When testing, code that causes React state updates should be wrapped into act(...):

act(() => {
  /* fire events that update state */
});
/* assert on the output */

This ensures that you're testing the behavior the user would see in the browser. Learn more at https://reactjs.org/link/wrap-tests-with-act
    at LessonAudioButton (/private/tmp/b1-test-stability-push.VtLu79/src/components/languages/LessonAudioButton.tsx:8:30)
    at div
    at div
    at div
    at div
    at article
    at LessonRenderer (/private/tmp/b1-test-stability-push.VtLu79/src/components/languages/LessonRenderer.tsx:86:3)
Warning: An update to LessonAudioButton inside a test was not wrapped in act(...).

When testing, code that causes React state updates should be wrapped into act(...):

act(() => {
  /* fire events that update state */
});
/* assert on the output */

This ensures that you're testing the behavior the user would see in the browser. Learn more at https://reactjs.org/link/wrap-tests-with-act
    at LessonAudioButton (/private/tmp/b1-test-stability-push.VtLu79/src/components/languages/LessonAudioButton.tsx:8:30)
    at div
    at div
    at div
    at div
    at article
    at LessonRenderer (/private/tmp/b1-test-stability-push.VtLu79/src/components/languages/LessonRenderer.tsx:86:3)
Warning: An update to LessonAudioButton inside a test was not wrapped in act(...).

When testing, code that causes React state updates should be wrapped into act(...):

act(() => {
  /* fire events that update state */
});
/* assert on the output */

This ensures that you're testing the behavior the user would see in the browser. Learn more at https://reactjs.org/link/wrap-tests-with-act
    at LessonAudioButton (/private/tmp/b1-test-stability-push.VtLu79/src/components/languages/LessonAudioButton.tsx:8:30)
    at div
    at div
    at div
    at div
    at article
    at LessonRenderer (/private/tmp/b1-test-stability-push.VtLu79/src/components/languages/LessonRenderer.tsx:86:3)
Warning: An update to LessonAudioButton inside a test was not wrapped in act(...).

When testing, code that causes React state updates should be wrapped into act(...):

act(() => {
  /* fire events that update state */
});
/* assert on the output */

This ensures that you're testing the behavior the user would see in the browser. Learn more at https://reactjs.org/link/wrap-tests-with-act
    at LessonAudioButton (/private/tmp/b1-test-stability-push.VtLu79/src/components/languages/LessonAudioButton.tsx:8:30)
    at div
    at div
    at DialogueLineRows (/private/tmp/b1-test-stability-push.VtLu79/src/components/languages/LessonRenderer.tsx:1112:3)
    at div
    at div
    at article
    at LessonRenderer (/private/tmp/b1-test-stability-push.VtLu79/src/components/languages/LessonRenderer.tsx:86:3)
Warning: An update to LessonAudioButton inside a test was not wrapped in act(...).

When testing, code that causes React state updates should be wrapped into act(...):

act(() => {
  /* fire events that update state */
});
/* assert on the output */

This ensures that you're testing the behavior the user would see in the browser. Learn more at https://reactjs.org/link/wrap-tests-with-act
    at LessonAudioButton (/private/tmp/b1-test-stability-push.VtLu79/src/components/languages/LessonAudioButton.tsx:8:30)
    at div
    at div
    at DialogueLineRows (/private/tmp/b1-test-stability-push.VtLu79/src/components/languages/LessonRenderer.tsx:1112:3)
    at div
    at div
    at article
    at LessonRenderer (/private/tmp/b1-test-stability-push.VtLu79/src/components/languages/LessonRenderer.tsx:86:3)
Warning: An update to LessonAudioButton inside a test was not wrapped in act(...).

When testing, code that causes React state updates should be wrapped into act(...):

act(() => {
  /* fire events that update state */
});
/* assert on the output */

This ensures that you're testing the behavior the user would see in the browser. Learn more at https://reactjs.org/link/wrap-tests-with-act
    at LessonAudioButton (/private/tmp/b1-test-stability-push.VtLu79/src/components/languages/LessonAudioButton.tsx:8:30)
    at div
    at div
    at DialogueLineRows (/private/tmp/b1-test-stability-push.VtLu79/src/components/languages/LessonRenderer.tsx:1112:3)
    at div
    at div
    at article
    at LessonRenderer (/private/tmp/b1-test-stability-push.VtLu79/src/components/languages/LessonRenderer.tsx:86:3)
Warning: An update to LessonAudioButton inside a test was not wrapped in act(...).

When testing, code that causes React state updates should be wrapped into act(...):

act(() => {
  /* fire events that update state */
});
/* assert on the output */

This ensures that you're testing the behavior the user would see in the browser. Learn more at https://reactjs.org/link/wrap-tests-with-act
    at LessonAudioButton (/private/tmp/b1-test-stability-push.VtLu79/src/components/languages/LessonAudioButton.tsx:8:30)
    at div
    at div
    at DialogueLineRows (/private/tmp/b1-test-stability-push.VtLu79/src/components/languages/LessonRenderer.tsx:1112:3)
    at div
    at div
    at article
    at LessonRenderer (/private/tmp/b1-test-stability-push.VtLu79/src/components/languages/LessonRenderer.tsx:86:3)

stderr | src/components/languages/__tests__/uiLanguageToggle.smoke.test.tsx > LessonRenderer uiLanguage gloss switching (smoke) > Korean (B2): uiLanguage="en" renders the authored English gloss
Not implemented: HTMLMediaElement's pause() method
Not implemented: HTMLMediaElement's pause() method
Not implemented: HTMLMediaElement's pause() method
Not implemented: HTMLMediaElement's pause() method
Not implemented: HTMLMediaElement's pause() method
Not implemented: HTMLMediaElement's pause() method
Not implemented: HTMLMediaElement's pause() method
Not implemented: HTMLMediaElement's pause() method
Not implemented: HTMLMediaElement's pause() method
Not implemented: HTMLMediaElement's pause() method
Not implemented: HTMLMediaElement's pause() method
Not implemented: HTMLMediaElement's pause() method
Not implemented: HTMLMediaElement's pause() method
Not implemented: HTMLMediaElement's pause() method
Not implemented: HTMLMediaElement's pause() method
Not implemented: HTMLMediaElement's pause() method
Not implemented: HTMLMediaElement's pause() method
Not implemented: HTMLMediaElement's pause() method
Not implemented: HTMLMediaElement's pause() method

stderr | src/components/feedback/__tests__/MercyAnswerFeedback.test.tsx > MercyAnswerFeedback > swallows a send failure and still completes
[MercyAnswerFeedback] send failed: Error: network down
    at /private/tmp/b1-test-stability-push.VtLu79/src/components/feedback/__tests__/MercyAnswerFeedback.test.tsx:42:36
    at file:///Users/admin/MercyB/node_modules/@vitest/runner/dist/chunk-hooks.js:155:11
    at file:///Users/admin/MercyB/node_modules/@vitest/runner/dist/chunk-hooks.js:752:26
    at file:///Users/admin/MercyB/node_modules/@vitest/runner/dist/chunk-hooks.js:1897:20
    at new Promise (<anonymous>)
    at runWithTimeout (file:///Users/admin/MercyB/node_modules/@vitest/runner/dist/chunk-hooks.js:1863:10)
    at runTest (file:///Users/admin/MercyB/node_modules/@vitest/runner/dist/chunk-hooks.js:1574:12)
    at runSuite (file:///Users/admin/MercyB/node_modules/@vitest/runner/dist/chunk-hooks.js:1729:8)
    at runSuite (file:///Users/admin/MercyB/node_modules/@vitest/runner/dist/chunk-hooks.js:1729:8)
    at runFiles (file:///Users/admin/MercyB/node_modules/@vitest/runner/dist/chunk-hooks.js:1787:3)

stderr | src/components/languages/__tests__/uiLanguageToggle.smoke.test.tsx > LessonRenderer uiLanguage gloss switching (smoke) > Japanese (B2): default renders Vietnamese gloss, not English
Warning: An update to LessonAudioButton inside a test was not wrapped in act(...).

When testing, code that causes React state updates should be wrapped into act(...):

act(() => {
  /* fire events that update state */
});
/* assert on the output */

This ensures that you're testing the behavior the user would see in the browser. Learn more at https://reactjs.org/link/wrap-tests-with-act
    at LessonAudioButton (/private/tmp/b1-test-stability-push.VtLu79/src/components/languages/LessonAudioButton.tsx:8:30)
    at div
    at li
    at ol
    at div
    at article
    at LessonRenderer (/private/tmp/b1-test-stability-push.VtLu79/src/components/languages/LessonRenderer.tsx:86:3)
Warning: An update to LessonAudioButton inside a test was not wrapped in act(...).

When testing, code that causes React state updates should be wrapped into act(...):

act(() => {
  /* fire events that update state */
});
/* assert on the output */

This ensures that you're testing the behavior the user would see in the browser. Learn more at https://reactjs.org/link/wrap-tests-with-act
    at LessonAudioButton (/private/tmp/b1-test-stability-push.VtLu79/src/components/languages/LessonAudioButton.tsx:8:30)
    at div
    at li
    at ol
    at div
    at article
    at LessonRenderer (/private/tmp/b1-test-stability-push.VtLu79/src/components/languages/LessonRenderer.tsx:86:3)
Warning: An update to LessonAudioButton inside a test was not wrapped in act(...).

When testing, code that causes React state updates should be wrapped into act(...):

act(() => {
  /* fire events that update state */
});
/* assert on the output */

This ensures that you're testing the behavior the user would see in the browser. Learn more at https://reactjs.org/link/wrap-tests-with-act
    at LessonAudioButton (/private/tmp/b1-test-stability-push.VtLu79/src/components/languages/LessonAudioButton.tsx:8:30)
    at div
    at li
    at ol
    at div
    at article
    at LessonRenderer (/private/tmp/b1-test-stability-push.VtLu79/src/components/languages/LessonRenderer.tsx:86:3)
Warning: An update to LessonAudioButton inside a test was not wrapped in act(...).

When testing, code that causes React state updates should be wrapped into act(...):

act(() => {
  /* fire events that update state */
});
/* assert on the output */

This ensures that you're testing the behavior the user would see in the browser. Learn more at https://reactjs.org/link/wrap-tests-with-act
    at LessonAudioButton (/private/tmp/b1-test-stability-push.VtLu79/src/components/languages/LessonAudioButton.tsx:8:30)
    at div
    at li
    at ol
    at div
    at article
    at LessonRenderer (/private/tmp/b1-test-stability-push.VtLu79/src/components/languages/LessonRenderer.tsx:86:3)
Warning: An update to LessonAudioButton inside a test was not wrapped in act(...).

When testing, code that causes React state updates should be wrapped into act(...):

act(() => {
  /* fire events that update state */
});
/* assert on the output */

This ensures that you're testing the behavior the user would see in the browser. Learn more at https://reactjs.org/link/wrap-tests-with-act
    at LessonAudioButton (/private/tmp/b1-test-stability-push.VtLu79/src/components/languages/LessonAudioButton.tsx:8:30)
    at div
    at li
    at ol
    at div
    at article
    at LessonRenderer (/private/tmp/b1-test-stability-push.VtLu79/src/components/languages/LessonRenderer.tsx:86:3)
Warning: An update to LessonAudioButton inside a test was not wrapped in act(...).

When testing, code that causes React state updates should be wrapped into act(...):

act(() => {
  /* fire events that update state */
});
/* assert on the output */

This ensures that you're testing the behavior the user would see in the browser. Learn more at https://reactjs.org/link/wrap-tests-with-act
    at LessonAudioButton (/private/tmp/b1-test-stability-push.VtLu79/src/components/languages/LessonAudioButton.tsx:8:30)
    at div
    at div
    at div
    at div
    at article
    at LessonRenderer (/private/tmp/b1-test-stability-push.VtLu79/src/components/languages/LessonRenderer.tsx:86:3)
Warning: An update to LessonAudioButton inside a test was not wrapped in act(...).

When testing, code that causes React state updates should be wrapped into act(...):

act(() => {
  /* fire events that update state */
});
/* assert on the output */

This ensures that you're testing the behavior the user would see in the browser. Learn more at https://reactjs.org/link/wrap-tests-with-act
    at LessonAudioButton (/private/tmp/b1-test-stability-push.VtLu79/src/components/languages/LessonAudioButton.tsx:8:30)
    at div
    at div
    at div
    at div
    at article
    at LessonRenderer (/private/tmp/b1-test-stability-push.VtLu79/src/components/languages/LessonRenderer.tsx:86:3)
Warning: An update to LessonAudioButton inside a test was not wrapped in act(...).

When testing, code that causes React state updates should be wrapped into act(...):

act(() => {
  /* fire events that update state */
});
/* assert on the output */

This ensures that you're testing the behavior the user would see in the browser. Learn more at https://reactjs.org/link/wrap-tests-with-act
    at LessonAudioButton (/private/tmp/b1-test-stability-push.VtLu79/src/components/languages/LessonAudioButton.tsx:8:30)
    at div
    at div
    at div
    at div
    at article
    at LessonRenderer (/private/tmp/b1-test-stability-push.VtLu79/src/components/languages/LessonRenderer.tsx:86:3)
Warning: An update to LessonAudioButton inside a test was not wrapped in act(...).

When testing, code that causes React state updates should be wrapped into act(...):

act(() => {
  /* fire events that update state */
});
/* assert on the output */

This ensures that you're testing the behavior the user would see in the browser. Learn more at https://reactjs.org/link/wrap-tests-with-act
    at LessonAudioButton (/private/tmp/b1-test-stability-push.VtLu79/src/components/languages/LessonAudioButton.tsx:8:30)
    at div
    at div
    at div
    at div
    at article
    at LessonRenderer (/private/tmp/b1-test-stability-push.VtLu79/src/components/languages/LessonRenderer.tsx:86:3)
Warning: An update to LessonAudioButton inside a test was not wrapped in act(...).

When testing, code that causes React state updates should be wrapped into act(...):

act(() => {
  /* fire events that update state */
});
/* assert on the output */

This ensures that you're testing the behavior the user would see in the browser. Learn more at https://reactjs.org/link/wrap-tests-with-act
    at LessonAudioButton (/private/tmp/b1-test-stability-push.VtLu79/src/components/languages/LessonAudioButton.tsx:8:30)
    at div
    at div
    at div
    at div
    at article
    at LessonRenderer (/private/tmp/b1-test-stability-push.VtLu79/src/components/languages/LessonRenderer.tsx:86:3)
Warning: An update to LessonAudioButton inside a test was not wrapped in act(...).

When testing, code that causes React state updates should be wrapped into act(...):

act(() => {
  /* fire events that update state */
});
/* assert on the output */

This ensures that you're testing the behavior the user would see in the browser. Learn more at https://reactjs.org/link/wrap-tests-with-act
    at LessonAudioButton (/private/tmp/b1-test-stability-push.VtLu79/src/components/languages/LessonAudioButton.tsx:8:30)
    at div
    at div
    at div
    at div
    at article
    at LessonRenderer (/private/tmp/b1-test-stability-push.VtLu79/src/components/languages/LessonRenderer.tsx:86:3)
Warning: An update to LessonAudioButton inside a test was not wrapped in act(...).

When testing, code that causes React state updates should be wrapped into act(...):

act(() => {
  /* fire events that update state */
});
/* assert on the output */

This ensures that you're testing the behavior the user would see in the browser. Learn more at https://reactjs.org/link/wrap-tests-with-act
    at LessonAudioButton (/private/tmp/b1-test-stability-push.VtLu79/src/components/languages/LessonAudioButton.tsx:8:30)
    at div
    at div
    at div
    at div
    at article
    at LessonRenderer (/private/tmp/b1-test-stability-push.VtLu79/src/components/languages/LessonRenderer.tsx:86:3)
Warning: An update to LessonAudioButton inside a test was not wrapped in act(...).

When testing, code that causes React state updates should be wrapped into act(...):

act(() => {
  /* fire events that update state */
});
/* assert on the output */

This ensures that you're testing the behavior the user would see in the browser. Learn more at https://reactjs.org/link/wrap-tests-with-act
    at LessonAudioButton (/private/tmp/b1-test-stability-push.VtLu79/src/components/languages/LessonAudioButton.tsx:8:30)
    at div
    at div
    at div
    at div
    at article
    at LessonRenderer (/private/tmp/b1-test-stability-push.VtLu79/src/components/languages/LessonRenderer.tsx:86:3)
Warning: An update to LessonAudioButton inside a test was not wrapped in act(...).

When testing, code that causes React state updates should be wrapped into act(...):

act(() => {
  /* fire events that update state */
});
/* assert on the output */

This ensures that you're testing the behavior the user would see in the browser. Learn more at https://reactjs.org/link/wrap-tests-with-act
    at LessonAudioButton (/private/tmp/b1-test-stability-push.VtLu79/src/components/languages/LessonAudioButton.tsx:8:30)
    at div
    at div
    at div
    at div
    at article
    at LessonRenderer (/private/tmp/b1-test-stability-push.VtLu79/src/components/languages/LessonRenderer.tsx:86:3)
Warning: An update to LessonAudioButton inside a test was not wrapped in act(...).

When testing, code that causes React state updates should be wrapped into act(...):

act(() => {
  /* fire events that update state */
});
/* assert on the output */

This ensures that you're testing the behavior the user would see in the browser. Learn more at https://reactjs.org/link/wrap-tests-with-act
    at LessonAudioButton (/private/tmp/b1-test-stability-push.VtLu79/src/components/languages/LessonAudioButton.tsx:8:30)
    at div
    at div
    at div
    at div
    at article
    at LessonRenderer (/private/tmp/b1-test-stability-push.VtLu79/src/components/languages/LessonRenderer.tsx:86:3)
Warning: An update to LessonAudioButton inside a test was not wrapped in act(...).

When testing, code that causes React state updates should be wrapped into act(...):

act(() => {
  /* fire events that update state */
});
/* assert on the output */

This ensures that you're testing the behavior the user would see in the browser. Learn more at https://reactjs.org/link/wrap-tests-with-act
    at LessonAudioButton (/private/tmp/b1-test-stability-push.VtLu79/src/components/languages/LessonAudioButton.tsx:8:30)
    at div
    at div
    at DialogueLineRows (/private/tmp/b1-test-stability-push.VtLu79/src/components/languages/LessonRenderer.tsx:1112:3)
    at div
    at div
    at article
    at LessonRenderer (/private/tmp/b1-test-stability-push.VtLu79/src/components/languages/LessonRenderer.tsx:86:3)
Warning: An update to LessonAudioButton inside a test was not wrapped in act(...).

When testing, code that causes React state updates should be wrapped into act(...):

act(() => {
  /* fire events that update state */
});
/* assert on the output */

This ensures that you're testing the behavior the user would see in the browser. Learn more at https://reactjs.org/link/wrap-tests-with-act
    at LessonAudioButton (/private/tmp/b1-test-stability-push.VtLu79/src/components/languages/LessonAudioButton.tsx:8:30)
    at div
    at div
    at DialogueLineRows (/private/tmp/b1-test-stability-push.VtLu79/src/components/languages/LessonRenderer.tsx:1112:3)
    at div
    at div
    at article
    at LessonRenderer (/private/tmp/b1-test-stability-push.VtLu79/src/components/languages/LessonRenderer.tsx:86:3)
Warning: An update to LessonAudioButton inside a test was not wrapped in act(...).

When testing, code that causes React state updates should be wrapped into act(...):

act(() => {
  /* fire events that update state */
});
/* assert on the output */

This ensures that you're testing the behavior the user would see in the browser. Learn more at https://reactjs.org/link/wrap-tests-with-act
    at LessonAudioButton (/private/tmp/b1-test-stability-push.VtLu79/src/components/languages/LessonAudioButton.tsx:8:30)
    at div
    at div
    at DialogueLineRows (/private/tmp/b1-test-stability-push.VtLu79/src/components/languages/LessonRenderer.tsx:1112:3)
    at div
    at div
    at article
    at LessonRenderer (/private/tmp/b1-test-stability-push.VtLu79/src/components/languages/LessonRenderer.tsx:86:3)
Warning: An update to LessonAudioButton inside a test was not wrapped in act(...).

When testing, code that causes React state updates should be wrapped into act(...):

act(() => {
  /* fire events that update state */
});
/* assert on the output */

This ensures that you're testing the behavior the user would see in the browser. Learn more at https://reactjs.org/link/wrap-tests-with-act
    at LessonAudioButton (/private/tmp/b1-test-stability-push.VtLu79/src/components/languages/LessonAudioButton.tsx:8:30)
    at div
    at div
    at DialogueLineRows (/private/tmp/b1-test-stability-push.VtLu79/src/components/languages/LessonRenderer.tsx:1112:3)
    at div
    at div
    at article
    at LessonRenderer (/private/tmp/b1-test-stability-push.VtLu79/src/components/languages/LessonRenderer.tsx:86:3)

stderr | src/components/languages/__tests__/uiLanguageToggle.smoke.test.tsx > LessonRenderer uiLanguage gloss switching (smoke) > Japanese (B2): default renders Vietnamese gloss, not English
Not implemented: HTMLMediaElement's pause() method
Not implemented: HTMLMediaElement's pause() method
Not implemented: HTMLMediaElement's pause() method
Not implemented: HTMLMediaElement's pause() method
Not implemented: HTMLMediaElement's pause() method
Not implemented: HTMLMediaElement's pause() method
Not implemented: HTMLMediaElement's pause() method
Not implemented: HTMLMediaElement's pause() method
Not implemented: HTMLMediaElement's pause() method
Not implemented: HTMLMediaElement's pause() method
Not implemented: HTMLMediaElement's pause() method
Not implemented: HTMLMediaElement's pause() method
Not implemented: HTMLMediaElement's pause() method
Not implemented: HTMLMediaElement's pause() method
Not implemented: HTMLMediaElement's pause() method
Not implemented: HTMLMediaElement's pause() method
Not implemented: HTMLMediaElement's pause() method
Not implemented: HTMLMediaElement's pause() method
Not implemented: HTMLMediaElement's pause() method

stderr | src/components/languages/__tests__/uiLanguageToggle.smoke.test.tsx > LessonRenderer uiLanguage gloss switching (smoke) > Japanese (B2): uiLanguage="en" renders the authored English gloss
Warning: An update to LessonAudioButton inside a test was not wrapped in act(...).

When testing, code that causes React state updates should be wrapped into act(...):

act(() => {
  /* fire events that update state */
});
/* assert on the output */

This ensures that you're testing the behavior the user would see in the browser. Learn more at https://reactjs.org/link/wrap-tests-with-act
    at LessonAudioButton (/private/tmp/b1-test-stability-push.VtLu79/src/components/languages/LessonAudioButton.tsx:8:30)
    at div
    at li
    at ol
    at div
    at article
    at LessonRenderer (/private/tmp/b1-test-stability-push.VtLu79/src/components/languages/LessonRenderer.tsx:86:3)
Warning: An update to LessonAudioButton inside a test was not wrapped in act(...).

When testing, code that causes React state updates should be wrapped into act(...):

act(() => {
  /* fire events that update state */
});
/* assert on the output */

This ensures that you're testing the behavior the user would see in the browser. Learn more at https://reactjs.org/link/wrap-tests-with-act
    at LessonAudioButton (/private/tmp/b1-test-stability-push.VtLu79/src/components/languages/LessonAudioButton.tsx:8:30)
    at div
    at li
    at ol
    at div
    at article
    at LessonRenderer (/private/tmp/b1-test-stability-push.VtLu79/src/components/languages/LessonRenderer.tsx:86:3)
Warning: An update to LessonAudioButton inside a test was not wrapped in act(...).

When testing, code that causes React state updates should be wrapped into act(...):

act(() => {
  /* fire events that update state */
});
/* assert on the output */

This ensures that you're testing the behavior the user would see in the browser. Learn more at https://reactjs.org/link/wrap-tests-with-act
    at LessonAudioButton (/private/tmp/b1-test-stability-push.VtLu79/src/components/languages/LessonAudioButton.tsx:8:30)
    at div
    at li
    at ol
    at div
    at article
    at LessonRenderer (/private/tmp/b1-test-stability-push.VtLu79/src/components/languages/LessonRenderer.tsx:86:3)
Warning: An update to LessonAudioButton inside a test was not wrapped in act(...).

When testing, code that causes React state updates should be wrapped into act(...):

act(() => {
  /* fire events that update state */
});
/* assert on the output */

This ensures that you're testing the behavior the user would see in the browser. Learn more at https://reactjs.org/link/wrap-tests-with-act
    at LessonAudioButton (/private/tmp/b1-test-stability-push.VtLu79/src/components/languages/LessonAudioButton.tsx:8:30)
    at div
    at li
    at ol
    at div
    at article
    at LessonRenderer (/private/tmp/b1-test-stability-push.VtLu79/src/components/languages/LessonRenderer.tsx:86:3)
Warning: An update to LessonAudioButton inside a test was not wrapped in act(...).

When testing, code that causes React state updates should be wrapped into act(...):

act(() => {
  /* fire events that update state */
});
/* assert on the output */

This ensures that you're testing the behavior the user would see in the browser. Learn more at https://reactjs.org/link/wrap-tests-with-act
    at LessonAudioButton (/private/tmp/b1-test-stability-push.VtLu79/src/components/languages/LessonAudioButton.tsx:8:30)
    at div
    at li
    at ol
    at div
    at article
    at LessonRenderer (/private/tmp/b1-test-stability-push.VtLu79/src/components/languages/LessonRenderer.tsx:86:3)
Warning: An update to LessonAudioButton inside a test was not wrapped in act(...).

When testing, code that causes React state updates should be wrapped into act(...):

act(() => {
  /* fire events that update state */
});
/* assert on the output */

This ensures that you're testing the behavior the user would see in the browser. Learn more at https://reactjs.org/link/wrap-tests-with-act
    at LessonAudioButton (/private/tmp/b1-test-stability-push.VtLu79/src/components/languages/LessonAudioButton.tsx:8:30)
    at div
    at div
    at div
    at div
    at article
    at LessonRenderer (/private/tmp/b1-test-stability-push.VtLu79/src/components/languages/LessonRenderer.tsx:86:3)
Warning: An update to LessonAudioButton inside a test was not wrapped in act(...).

When testing, code that causes React state updates should be wrapped into act(...):

act(() => {
  /* fire events that update state */
});
/* assert on the output */

This ensures that you're testing the behavior the user would see in the browser. Learn more at https://reactjs.org/link/wrap-tests-with-act
    at LessonAudioButton (/private/tmp/b1-test-stability-push.VtLu79/src/components/languages/LessonAudioButton.tsx:8:30)
    at div
    at div
    at div
    at div
    at article
    at LessonRenderer (/private/tmp/b1-test-stability-push.VtLu79/src/components/languages/LessonRenderer.tsx:86:3)
Warning: An update to LessonAudioButton inside a test was not wrapped in act(...).

When testing, code that causes React state updates should be wrapped into act(...):

act(() => {
  /* fire events that update state */
});
/* assert on the output */

This ensures that you're testing the behavior the user would see in the browser. Learn more at https://reactjs.org/link/wrap-tests-with-act
    at LessonAudioButton (/private/tmp/b1-test-stability-push.VtLu79/src/components/languages/LessonAudioButton.tsx:8:30)
    at div
    at div
    at div
    at div
    at article
    at LessonRenderer (/private/tmp/b1-test-stability-push.VtLu79/src/components/languages/LessonRenderer.tsx:86:3)
Warning: An update to LessonAudioButton inside a test was not wrapped in act(...).

When testing, code that causes React state updates should be wrapped into act(...):

act(() => {
  /* fire events that update state */
});
/* assert on the output */

This ensures that you're testing the behavior the user would see in the browser. Learn more at https://reactjs.org/link/wrap-tests-with-act
    at LessonAudioButton (/private/tmp/b1-test-stability-push.VtLu79/src/components/languages/LessonAudioButton.tsx:8:30)
    at div
    at div
    at div
    at div
    at article
    at LessonRenderer (/private/tmp/b1-test-stability-push.VtLu79/src/components/languages/LessonRenderer.tsx:86:3)
Warning: An update to LessonAudioButton inside a test was not wrapped in act(...).

When testing, code that causes React state updates should be wrapped into act(...):

act(() => {
  /* fire events that update state */
});
/* assert on the output */

This ensures that you're testing the behavior the user would see in the browser. Learn more at https://reactjs.org/link/wrap-tests-with-act
    at LessonAudioButton (/private/tmp/b1-test-stability-push.VtLu79/src/components/languages/LessonAudioButton.tsx:8:30)
    at div
    at div
    at div
    at div
    at article
    at LessonRenderer (/private/tmp/b1-test-stability-push.VtLu79/src/components/languages/LessonRenderer.tsx:86:3)
Warning: An update to LessonAudioButton inside a test was not wrapped in act(...).

When testing, code that causes React state updates should be wrapped into act(...):

act(() => {
  /* fire events that update state */
});
/* assert on the output */

This ensures that you're testing the behavior the user would see in the browser. Learn more at https://reactjs.org/link/wrap-tests-with-act
    at LessonAudioButton (/private/tmp/b1-test-stability-push.VtLu79/src/components/languages/LessonAudioButton.tsx:8:30)
    at div
    at div
    at div
    at div
    at article
    at LessonRenderer (/private/tmp/b1-test-stability-push.VtLu79/src/components/languages/LessonRenderer.tsx:86:3)
Warning: An update to LessonAudioButton inside a test was not wrapped in act(...).

When testing, code that causes React state updates should be wrapped into act(...):

act(() => {
  /* fire events that update state */
});
/* assert on the output */

This ensures that you're testing the behavior the user would see in the browser. Learn more at https://reactjs.org/link/wrap-tests-with-act
    at LessonAudioButton (/private/tmp/b1-test-stability-push.VtLu79/src/components/languages/LessonAudioButton.tsx:8:30)
    at div
    at div
    at div
    at div
    at article
    at LessonRenderer (/private/tmp/b1-test-stability-push.VtLu79/src/components/languages/LessonRenderer.tsx:86:3)
Warning: An update to LessonAudioButton inside a test was not wrapped in act(...).

When testing, code that causes React state updates should be wrapped into act(...):

act(() => {
  /* fire events that update state */
});
/* assert on the output */

This ensures that you're testing the behavior the user would see in the browser. Learn more at https://reactjs.org/link/wrap-tests-with-act
    at LessonAudioButton (/private/tmp/b1-test-stability-push.VtLu79/src/components/languages/LessonAudioButton.tsx:8:30)
    at div
    at div
    at div
    at div
    at article
    at LessonRenderer (/private/tmp/b1-test-stability-push.VtLu79/src/components/languages/LessonRenderer.tsx:86:3)
Warning: An update to LessonAudioButton inside a test was not wrapped in act(...).

When testing, code that causes React state updates should be wrapped into act(...):

act(() => {
  /* fire events that update state */
});
/* assert on the output */

This ensures that you're testing the behavior the user would see in the browser. Learn more at https://reactjs.org/link/wrap-tests-with-act
    at LessonAudioButton (/private/tmp/b1-test-stability-push.VtLu79/src/components/languages/LessonAudioButton.tsx:8:30)
    at div
    at div
    at div
    at div
    at article
    at LessonRenderer (/private/tmp/b1-test-stability-push.VtLu79/src/components/languages/LessonRenderer.tsx:86:3)
Warning: An update to LessonAudioButton inside a test was not wrapped in act(...).

When testing, code that causes React state updates should be wrapped into act(...):

act(() => {
  /* fire events that update state */
});
/* assert on the output */

This ensures that you're testing the behavior the user would see in the browser. Learn more at https://reactjs.org/link/wrap-tests-with-act
    at LessonAudioButton (/private/tmp/b1-test-stability-push.VtLu79/src/components/languages/LessonAudioButton.tsx:8:30)
    at div
    at div
    at div
    at div
    at article
    at LessonRenderer (/private/tmp/b1-test-stability-push.VtLu79/src/components/languages/LessonRenderer.tsx:86:3)
Warning: An update to LessonAudioButton inside a test was not wrapped in act(...).

When testing, code that causes React state updates should be wrapped into act(...):

act(() => {
  /* fire events that update state */
});
/* assert on the output */

This ensures that you're testing the behavior the user would see in the browser. Learn more at https://reactjs.org/link/wrap-tests-with-act
    at LessonAudioButton (/private/tmp/b1-test-stability-push.VtLu79/src/components/languages/LessonAudioButton.tsx:8:30)
    at div
    at div
    at DialogueLineRows (/private/tmp/b1-test-stability-push.VtLu79/src/components/languages/LessonRenderer.tsx:1112:3)
    at div
    at div
    at article
    at LessonRenderer (/private/tmp/b1-test-stability-push.VtLu79/src/components/languages/LessonRenderer.tsx:86:3)
Warning: An update to LessonAudioButton inside a test was not wrapped in act(...).

When testing, code that causes React state updates should be wrapped into act(...):

act(() => {
  /* fire events that update state */
});
/* assert on the output */

This ensures that you're testing the behavior the user would see in the browser. Learn more at https://reactjs.org/link/wrap-tests-with-act
    at LessonAudioButton (/private/tmp/b1-test-stability-push.VtLu79/src/components/languages/LessonAudioButton.tsx:8:30)
    at div
    at div
    at DialogueLineRows (/private/tmp/b1-test-stability-push.VtLu79/src/components/languages/LessonRenderer.tsx:1112:3)
    at div
    at div
    at article
    at LessonRenderer (/private/tmp/b1-test-stability-push.VtLu79/src/components/languages/LessonRenderer.tsx:86:3)
Warning: An update to LessonAudioButton inside a test was not wrapped in act(...).

When testing, code that causes React state updates should be wrapped into act(...):

act(() => {
  /* fire events that update state */
});
/* assert on the output */

This ensures that you're testing the behavior the user would see in the browser. Learn more at https://reactjs.org/link/wrap-tests-with-act
    at LessonAudioButton (/private/tmp/b1-test-stability-push.VtLu79/src/components/languages/LessonAudioButton.tsx:8:30)
    at div
    at div
    at DialogueLineRows (/private/tmp/b1-test-stability-push.VtLu79/src/components/languages/LessonRenderer.tsx:1112:3)
    at div
    at div
    at article
    at LessonRenderer (/private/tmp/b1-test-stability-push.VtLu79/src/components/languages/LessonRenderer.tsx:86:3)
Warning: An update to LessonAudioButton inside a test was not wrapped in act(...).

When testing, code that causes React state updates should be wrapped into act(...):

act(() => {
  /* fire events that update state */
});
/* assert on the output */

This ensures that you're testing the behavior the user would see in the browser. Learn more at https://reactjs.org/link/wrap-tests-with-act
    at LessonAudioButton (/private/tmp/b1-test-stability-push.VtLu79/src/components/languages/LessonAudioButton.tsx:8:30)
    at div
    at div
    at DialogueLineRows (/private/tmp/b1-test-stability-push.VtLu79/src/components/languages/LessonRenderer.tsx:1112:3)
    at div
    at div
    at article
    at LessonRenderer (/private/tmp/b1-test-stability-push.VtLu79/src/components/languages/LessonRenderer.tsx:86:3)

stderr | src/components/languages/__tests__/uiLanguageToggle.smoke.test.tsx > LessonRenderer uiLanguage gloss switching (smoke) > Japanese (B2): uiLanguage="en" renders the authored English gloss
Not implemented: HTMLMediaElement's pause() method
Not implemented: HTMLMediaElement's pause() method
Not implemented: HTMLMediaElement's pause() method
Not implemented: HTMLMediaElement's pause() method
Not implemented: HTMLMediaElement's pause() method
Not implemented: HTMLMediaElement's pause() method
Not implemented: HTMLMediaElement's pause() method
Not implemented: HTMLMediaElement's pause() method
Not implemented: HTMLMediaElement's pause() method
Not implemented: HTMLMediaElement's pause() method
Not implemented: HTMLMediaElement's pause() method
Not implemented: HTMLMediaElement's pause() method
Not implemented: HTMLMediaElement's pause() method
Not implemented: HTMLMediaElement's pause() method
Not implemented: HTMLMediaElement's pause() method
Not implemented: HTMLMediaElement's pause() method
Not implemented: HTMLMediaElement's pause() method
Not implemented: HTMLMediaElement's pause() method
Not implemented: HTMLMediaElement's pause() method

 ✓ src/components/room/__tests__/RoomPronunciationPractice.test.tsx (9 tests) 124ms
 ✓ src/contexts/__tests__/UiLanguageContext.lang.test.tsx (3 tests) 188ms
stderr | src/components/languages/__tests__/uiLanguageToggle.smoke.test.tsx > LessonRenderer uiLanguage gloss switching (smoke) > Chinese (C1): default renders Vietnamese gloss, not English
Warning: An update to LessonAudioButton inside a test was not wrapped in act(...).

When testing, code that causes React state updates should be wrapped into act(...):

act(() => {
  /* fire events that update state */
});
/* assert on the output */

This ensures that you're testing the behavior the user would see in the browser. Learn more at https://reactjs.org/link/wrap-tests-with-act
    at LessonAudioButton (/private/tmp/b1-test-stability-push.VtLu79/src/components/languages/LessonAudioButton.tsx:8:30)
    at div
    at li
    at ol
    at div
    at article
    at LessonRenderer (/private/tmp/b1-test-stability-push.VtLu79/src/components/languages/LessonRenderer.tsx:86:3)
Warning: An update to LessonAudioButton inside a test was not wrapped in act(...).

When testing, code that causes React state updates should be wrapped into act(...):

act(() => {
  /* fire events that update state */
});
/* assert on the output */

This ensures that you're testing the behavior the user would see in the browser. Learn more at https://reactjs.org/link/wrap-tests-with-act
    at LessonAudioButton (/private/tmp/b1-test-stability-push.VtLu79/src/components/languages/LessonAudioButton.tsx:8:30)
    at div
    at li
    at ol
    at div
    at article
    at LessonRenderer (/private/tmp/b1-test-stability-push.VtLu79/src/components/languages/LessonRenderer.tsx:86:3)
Warning: An update to LessonAudioButton inside a test was not wrapped in act(...).

When testing, code that causes React state updates should be wrapped into act(...):

act(() => {
  /* fire events that update state */
});
/* assert on the output */

This ensures that you're testing the behavior the user would see in the browser. Learn more at https://reactjs.org/link/wrap-tests-with-act
    at LessonAudioButton (/private/tmp/b1-test-stability-push.VtLu79/src/components/languages/LessonAudioButton.tsx:8:30)
    at div
    at li
    at ol
    at div
    at article
    at LessonRenderer (/private/tmp/b1-test-stability-push.VtLu79/src/components/languages/LessonRenderer.tsx:86:3)
Warning: An update to LessonAudioButton inside a test was not wrapped in act(...).

When testing, code that causes React state updates should be wrapped into act(...):

act(() => {
  /* fire events that update state */
});
/* assert on the output */

This ensures that you're testing the behavior the user would see in the browser. Learn more at https://reactjs.org/link/wrap-tests-with-act
    at LessonAudioButton (/private/tmp/b1-test-stability-push.VtLu79/src/components/languages/LessonAudioButton.tsx:8:30)
    at div
    at li
    at ol
    at div
    at article
    at LessonRenderer (/private/tmp/b1-test-stability-push.VtLu79/src/components/languages/LessonRenderer.tsx:86:3)
Warning: An update to LessonAudioButton inside a test was not wrapped in act(...).

When testing, code that causes React state updates should be wrapped into act(...):

act(() => {
  /* fire events that update state */
});
/* assert on the output */

This ensures that you're testing the behavior the user would see in the browser. Learn more at https://reactjs.org/link/wrap-tests-with-act
    at LessonAudioButton (/private/tmp/b1-test-stability-push.VtLu79/src/components/languages/LessonAudioButton.tsx:8:30)
    at div
    at li
    at ol
    at div
    at article
    at LessonRenderer (/private/tmp/b1-test-stability-push.VtLu79/src/components/languages/LessonRenderer.tsx:86:3)
Warning: An update to LessonAudioButton inside a test was not wrapped in act(...).

When testing, code that causes React state updates should be wrapped into act(...):

act(() => {
  /* fire events that update state */
});
/* assert on the output */

This ensures that you're testing the behavior the user would see in the browser. Learn more at https://reactjs.org/link/wrap-tests-with-act
    at LessonAudioButton (/private/tmp/b1-test-stability-push.VtLu79/src/components/languages/LessonAudioButton.tsx:8:30)
    at div
    at div
    at div
    at div
    at article
    at LessonRenderer (/private/tmp/b1-test-stability-push.VtLu79/src/components/languages/LessonRenderer.tsx:86:3)
Warning: An update to LessonAudioButton inside a test was not wrapped in act(...).

When testing, code that causes React state updates should be wrapped into act(...):

act(() => {
  /* fire events that update state */
});
/* assert on the output */

This ensures that you're testing the behavior the user would see in the browser. Learn more at https://reactjs.org/link/wrap-tests-with-act
    at LessonAudioButton (/private/tmp/b1-test-stability-push.VtLu79/src/components/languages/LessonAudioButton.tsx:8:30)
    at div
    at div
    at div
    at div
    at article
    at LessonRenderer (/private/tmp/b1-test-stability-push.VtLu79/src/components/languages/LessonRenderer.tsx:86:3)
Warning: An update to LessonAudioButton inside a test was not wrapped in act(...).

When testing, code that causes React state updates should be wrapped into act(...):

act(() => {
  /* fire events that update state */
});
/* assert on the output */

This ensures that you're testing the behavior the user would see in the browser. Learn more at https://reactjs.org/link/wrap-tests-with-act
    at LessonAudioButton (/private/tmp/b1-test-stability-push.VtLu79/src/components/languages/LessonAudioButton.tsx:8:30)
    at div
    at div
    at div
    at div
    at article
    at LessonRenderer (/private/tmp/b1-test-stability-push.VtLu79/src/components/languages/LessonRenderer.tsx:86:3)
Warning: An update to LessonAudioButton inside a test was not wrapped in act(...).

When testing, code that causes React state updates should be wrapped into act(...):

act(() => {
  /* fire events that update state */
});
/* assert on the output */

This ensures that you're testing the behavior the user would see in the browser. Learn more at https://reactjs.org/link/wrap-tests-with-act
    at LessonAudioButton (/private/tmp/b1-test-stability-push.VtLu79/src/components/languages/LessonAudioButton.tsx:8:30)
    at div
    at div
    at div
    at div
    at article
    at LessonRenderer (/private/tmp/b1-test-stability-push.VtLu79/src/components/languages/LessonRenderer.tsx:86:3)
Warning: An update to LessonAudioButton inside a test was not wrapped in act(...).

When testing, code that causes React state updates should be wrapped into act(...):

act(() => {
  /* fire events that update state */
});
/* assert on the output */

This ensures that you're testing the behavior the user would see in the browser. Learn more at https://reactjs.org/link/wrap-tests-with-act
    at LessonAudioButton (/private/tmp/b1-test-stability-push.VtLu79/src/components/languages/LessonAudioButton.tsx:8:30)
    at div
    at div
    at div
    at div
    at article
    at LessonRenderer (/private/tmp/b1-test-stability-push.VtLu79/src/components/languages/LessonRenderer.tsx:86:3)
Warning: An update to LessonAudioButton inside a test was not wrapped in act(...).

When testing, code that causes React state updates should be wrapped into act(...):

act(() => {
  /* fire events that update state */
});
/* assert on the output */

This ensures that you're testing the behavior the user would see in the browser. Learn more at https://reactjs.org/link/wrap-tests-with-act
    at LessonAudioButton (/private/tmp/b1-test-stability-push.VtLu79/src/components/languages/LessonAudioButton.tsx:8:30)
    at div
    at div
    at div
    at div
    at article
    at LessonRenderer (/private/tmp/b1-test-stability-push.VtLu79/src/components/languages/LessonRenderer.tsx:86:3)
Warning: An update to LessonAudioButton inside a test was not wrapped in act(...).

When testing, code that causes React state updates should be wrapped into act(...):

act(() => {
  /* fire events that update state */
});
/* assert on the output */

This ensures that you're testing the behavior the user would see in the browser. Learn more at https://reactjs.org/link/wrap-tests-with-act
    at LessonAudioButton (/private/tmp/b1-test-stability-push.VtLu79/src/components/languages/LessonAudioButton.tsx:8:30)
    at div
    at div
    at div
    at div
    at article
    at LessonRenderer (/private/tmp/b1-test-stability-push.VtLu79/src/components/languages/LessonRenderer.tsx:86:3)
Warning: An update to LessonAudioButton inside a test was not wrapped in act(...).

When testing, code that causes React state updates should be wrapped into act(...):

act(() => {
  /* fire events that update state */
});
/* assert on the output */

This ensures that you're testing the behavior the user would see in the browser. Learn more at https://reactjs.org/link/wrap-tests-with-act
    at LessonAudioButton (/private/tmp/b1-test-stability-push.VtLu79/src/components/languages/LessonAudioButton.tsx:8:30)
    at div
    at div
    at div
    at div
    at article
    at LessonRenderer (/private/tmp/b1-test-stability-push.VtLu79/src/components/languages/LessonRenderer.tsx:86:3)
Warning: An update to LessonAudioButton inside a test was not wrapped in act(...).

When testing, code that causes React state updates should be wrapped into act(...):

act(() => {
  /* fire events that update state */
});
/* assert on the output */

This ensures that you're testing the behavior the user would see in the browser. Learn more at https://reactjs.org/link/wrap-tests-with-act
    at LessonAudioButton (/private/tmp/b1-test-stability-push.VtLu79/src/components/languages/LessonAudioButton.tsx:8:30)
    at div
    at div
    at div
    at div
    at article
    at LessonRenderer (/private/tmp/b1-test-stability-push.VtLu79/src/components/languages/LessonRenderer.tsx:86:3)
Warning: An update to LessonAudioButton inside a test was not wrapped in act(...).

When testing, code that causes React state updates should be wrapped into act(...):

act(() => {
  /* fire events that update state */
});
/* assert on the output */

This ensures that you're testing the behavior the user would see in the browser. Learn more at https://reactjs.org/link/wrap-tests-with-act
    at LessonAudioButton (/private/tmp/b1-test-stability-push.VtLu79/src/components/languages/LessonAudioButton.tsx:8:30)
    at div
    at div
    at div
    at div
    at article
    at LessonRenderer (/private/tmp/b1-test-stability-push.VtLu79/src/components/languages/LessonRenderer.tsx:86:3)
Warning: An update to LessonAudioButton inside a test was not wrapped in act(...).

When testing, code that causes React state updates should be wrapped into act(...):

act(() => {
  /* fire events that update state */
});
/* assert on the output */

This ensures that you're testing the behavior the user would see in the browser. Learn more at https://reactjs.org/link/wrap-tests-with-act
    at LessonAudioButton (/private/tmp/b1-test-stability-push.VtLu79/src/components/languages/LessonAudioButton.tsx:8:30)
    at div
    at div
    at DialogueLineRows (/private/tmp/b1-test-stability-push.VtLu79/src/components/languages/LessonRenderer.tsx:1112:3)
    at div
    at div
    at article
    at LessonRenderer (/private/tmp/b1-test-stability-push.VtLu79/src/components/languages/LessonRenderer.tsx:86:3)
Warning: An update to LessonAudioButton inside a test was not wrapped in act(...).

When testing, code that causes React state updates should be wrapped into act(...):

act(() => {
  /* fire events that update state */
});
/* assert on the output */

This ensures that you're testing the behavior the user would see in the browser. Learn more at https://reactjs.org/link/wrap-tests-with-act
    at LessonAudioButton (/private/tmp/b1-test-stability-push.VtLu79/src/components/languages/LessonAudioButton.tsx:8:30)
    at div
    at div
    at DialogueLineRows (/private/tmp/b1-test-stability-push.VtLu79/src/components/languages/LessonRenderer.tsx:1112:3)
    at div
    at div
    at article
    at LessonRenderer (/private/tmp/b1-test-stability-push.VtLu79/src/components/languages/LessonRenderer.tsx:86:3)
Warning: An update to LessonAudioButton inside a test was not wrapped in act(...).

When testing, code that causes React state updates should be wrapped into act(...):

act(() => {
  /* fire events that update state */
});
/* assert on the output */

This ensures that you're testing the behavior the user would see in the browser. Learn more at https://reactjs.org/link/wrap-tests-with-act
    at LessonAudioButton (/private/tmp/b1-test-stability-push.VtLu79/src/components/languages/LessonAudioButton.tsx:8:30)
    at div
    at div
    at DialogueLineRows (/private/tmp/b1-test-stability-push.VtLu79/src/components/languages/LessonRenderer.tsx:1112:3)
    at div
    at div
    at article
    at LessonRenderer (/private/tmp/b1-test-stability-push.VtLu79/src/components/languages/LessonRenderer.tsx:86:3)
Warning: An update to LessonAudioButton inside a test was not wrapped in act(...).

When testing, code that causes React state updates should be wrapped into act(...):

act(() => {
  /* fire events that update state */
});
/* assert on the output */

This ensures that you're testing the behavior the user would see in the browser. Learn more at https://reactjs.org/link/wrap-tests-with-act
    at LessonAudioButton (/private/tmp/b1-test-stability-push.VtLu79/src/components/languages/LessonAudioButton.tsx:8:30)
    at div
    at div
    at DialogueLineRows (/private/tmp/b1-test-stability-push.VtLu79/src/components/languages/LessonRenderer.tsx:1112:3)
    at div
    at div
    at article
    at LessonRenderer (/private/tmp/b1-test-stability-push.VtLu79/src/components/languages/LessonRenderer.tsx:86:3)

stderr | src/components/languages/__tests__/uiLanguageToggle.smoke.test.tsx > LessonRenderer uiLanguage gloss switching (smoke) > Chinese (C1): default renders Vietnamese gloss, not English
Not implemented: HTMLMediaElement's pause() method
Not implemented: HTMLMediaElement's pause() method
Not implemented: HTMLMediaElement's pause() method
Not implemented: HTMLMediaElement's pause() method
Not implemented: HTMLMediaElement's pause() method
Not implemented: HTMLMediaElement's pause() method
Not implemented: HTMLMediaElement's pause() method
Not implemented: HTMLMediaElement's pause() method
Not implemented: HTMLMediaElement's pause() method
Not implemented: HTMLMediaElement's pause() method
Not implemented: HTMLMediaElement's pause() method
Not implemented: HTMLMediaElement's pause() method
Not implemented: HTMLMediaElement's pause() method
Not implemented: HTMLMediaElement's pause() method
Not implemented: HTMLMediaElement's pause() method
Not implemented: HTMLMediaElement's pause() method
Not implemented: HTMLMediaElement's pause() method
Not implemented: HTMLMediaElement's pause() method
Not implemented: HTMLMediaElement's pause() method

 ✓ src/components/feedback/__tests__/MercyAnswerFeedback.test.tsx (5 tests) 175ms
stderr | src/components/languages/__tests__/uiLanguageToggle.smoke.test.tsx > LessonRenderer uiLanguage gloss switching (smoke) > Chinese (C1): uiLanguage="en" renders the authored English gloss
Warning: An update to LessonAudioButton inside a test was not wrapped in act(...).

When testing, code that causes React state updates should be wrapped into act(...):

act(() => {
  /* fire events that update state */
});
/* assert on the output */

This ensures that you're testing the behavior the user would see in the browser. Learn more at https://reactjs.org/link/wrap-tests-with-act
    at LessonAudioButton (/private/tmp/b1-test-stability-push.VtLu79/src/components/languages/LessonAudioButton.tsx:8:30)
    at div
    at li
    at ol
    at div
    at article
    at LessonRenderer (/private/tmp/b1-test-stability-push.VtLu79/src/components/languages/LessonRenderer.tsx:86:3)
Warning: An update to LessonAudioButton inside a test was not wrapped in act(...).

When testing, code that causes React state updates should be wrapped into act(...):

act(() => {
  /* fire events that update state */
});
/* assert on the output */

This ensures that you're testing the behavior the user would see in the browser. Learn more at https://reactjs.org/link/wrap-tests-with-act
    at LessonAudioButton (/private/tmp/b1-test-stability-push.VtLu79/src/components/languages/LessonAudioButton.tsx:8:30)
    at div
    at li
    at ol
    at div
    at article
    at LessonRenderer (/private/tmp/b1-test-stability-push.VtLu79/src/components/languages/LessonRenderer.tsx:86:3)
Warning: An update to LessonAudioButton inside a test was not wrapped in act(...).

When testing, code that causes React state updates should be wrapped into act(...):

act(() => {
  /* fire events that update state */
});
/* assert on the output */

This ensures that you're testing the behavior the user would see in the browser. Learn more at https://reactjs.org/link/wrap-tests-with-act
    at LessonAudioButton (/private/tmp/b1-test-stability-push.VtLu79/src/components/languages/LessonAudioButton.tsx:8:30)
    at div
    at li
    at ol
    at div
    at article
    at LessonRenderer (/private/tmp/b1-test-stability-push.VtLu79/src/components/languages/LessonRenderer.tsx:86:3)
Warning: An update to LessonAudioButton inside a test was not wrapped in act(...).

When testing, code that causes React state updates should be wrapped into act(...):

act(() => {
  /* fire events that update state */
});
/* assert on the output */

This ensures that you're testing the behavior the user would see in the browser. Learn more at https://reactjs.org/link/wrap-tests-with-act
    at LessonAudioButton (/private/tmp/b1-test-stability-push.VtLu79/src/components/languages/LessonAudioButton.tsx:8:30)
    at div
    at li
    at ol
    at div
    at article
    at LessonRenderer (/private/tmp/b1-test-stability-push.VtLu79/src/components/languages/LessonRenderer.tsx:86:3)
Warning: An update to LessonAudioButton inside a test was not wrapped in act(...).

When testing, code that causes React state updates should be wrapped into act(...):

act(() => {
  /* fire events that update state */
});
/* assert on the output */

This ensures that you're testing the behavior the user would see in the browser. Learn more at https://reactjs.org/link/wrap-tests-with-act
    at LessonAudioButton (/private/tmp/b1-test-stability-push.VtLu79/src/components/languages/LessonAudioButton.tsx:8:30)
    at div
    at li
    at ol
    at div
    at article
    at LessonRenderer (/private/tmp/b1-test-stability-push.VtLu79/src/components/languages/LessonRenderer.tsx:86:3)
Warning: An update to LessonAudioButton inside a test was not wrapped in act(...).

When testing, code that causes React state updates should be wrapped into act(...):

act(() => {
  /* fire events that update state */
});
/* assert on the output */

This ensures that you're testing the behavior the user would see in the browser. Learn more at https://reactjs.org/link/wrap-tests-with-act
    at LessonAudioButton (/private/tmp/b1-test-stability-push.VtLu79/src/components/languages/LessonAudioButton.tsx:8:30)
    at div
    at div
    at div
    at div
    at article
    at LessonRenderer (/private/tmp/b1-test-stability-push.VtLu79/src/components/languages/LessonRenderer.tsx:86:3)
Warning: An update to LessonAudioButton inside a test was not wrapped in act(...).

When testing, code that causes React state updates should be wrapped into act(...):

act(() => {
  /* fire events that update state */
});
/* assert on the output */

This ensures that you're testing the behavior the user would see in the browser. Learn more at https://reactjs.org/link/wrap-tests-with-act
    at LessonAudioButton (/private/tmp/b1-test-stability-push.VtLu79/src/components/languages/LessonAudioButton.tsx:8:30)
    at div
    at div
    at div
    at div
    at article
    at LessonRenderer (/private/tmp/b1-test-stability-push.VtLu79/src/components/languages/LessonRenderer.tsx:86:3)
Warning: An update to LessonAudioButton inside a test was not wrapped in act(...).

When testing, code that causes React state updates should be wrapped into act(...):

act(() => {
  /* fire events that update state */
});
/* assert on the output */

This ensures that you're testing the behavior the user would see in the browser. Learn more at https://reactjs.org/link/wrap-tests-with-act
    at LessonAudioButton (/private/tmp/b1-test-stability-push.VtLu79/src/components/languages/LessonAudioButton.tsx:8:30)
    at div
    at div
    at div
    at div
    at article
    at LessonRenderer (/private/tmp/b1-test-stability-push.VtLu79/src/components/languages/LessonRenderer.tsx:86:3)
Warning: An update to LessonAudioButton inside a test was not wrapped in act(...).

When testing, code that causes React state updates should be wrapped into act(...):

act(() => {
  /* fire events that update state */
});
/* assert on the output */

This ensures that you're testing the behavior the user would see in the browser. Learn more at https://reactjs.org/link/wrap-tests-with-act
    at LessonAudioButton (/private/tmp/b1-test-stability-push.VtLu79/src/components/languages/LessonAudioButton.tsx:8:30)
    at div
    at div
    at div
    at div
    at article
    at LessonRenderer (/private/tmp/b1-test-stability-push.VtLu79/src/components/languages/LessonRenderer.tsx:86:3)
Warning: An update to LessonAudioButton inside a test was not wrapped in act(...).

When testing, code that causes React state updates should be wrapped into act(...):

act(() => {
  /* fire events that update state */
});
/* assert on the output */

This ensures that you're testing the behavior the user would see in the browser. Learn more at https://reactjs.org/link/wrap-tests-with-act
    at LessonAudioButton (/private/tmp/b1-test-stability-push.VtLu79/src/components/languages/LessonAudioButton.tsx:8:30)
    at div
    at div
    at div
    at div
    at article
    at LessonRenderer (/private/tmp/b1-test-stability-push.VtLu79/src/components/languages/LessonRenderer.tsx:86:3)
Warning: An update to LessonAudioButton inside a test was not wrapped in act(...).

When testing, code that causes React state updates should be wrapped into act(...):

act(() => {
  /* fire events that update state */
});
/* assert on the output */

This ensures that you're testing the behavior the user would see in the browser. Learn more at https://reactjs.org/link/wrap-tests-with-act
    at LessonAudioButton (/private/tmp/b1-test-stability-push.VtLu79/src/components/languages/LessonAudioButton.tsx:8:30)
    at div
    at div
    at div
    at div
    at article
    at LessonRenderer (/private/tmp/b1-test-stability-push.VtLu79/src/components/languages/LessonRenderer.tsx:86:3)
Warning: An update to LessonAudioButton inside a test was not wrapped in act(...).

When testing, code that causes React state updates should be wrapped into act(...):

act(() => {
  /* fire events that update state */
});
/* assert on the output */

This ensures that you're testing the behavior the user would see in the browser. Learn more at https://reactjs.org/link/wrap-tests-with-act
    at LessonAudioButton (/private/tmp/b1-test-stability-push.VtLu79/src/components/languages/LessonAudioButton.tsx:8:30)
    at div
    at div
    at div
    at div
    at article
    at LessonRenderer (/private/tmp/b1-test-stability-push.VtLu79/src/components/languages/LessonRenderer.tsx:86:3)
Warning: An update to LessonAudioButton inside a test was not wrapped in act(...).

When testing, code that causes React state updates should be wrapped into act(...):

act(() => {
  /* fire events that update state */
});
/* assert on the output */

This ensures that you're testing the behavior the user would see in the browser. Learn more at https://reactjs.org/link/wrap-tests-with-act
    at LessonAudioButton (/private/tmp/b1-test-stability-push.VtLu79/src/components/languages/LessonAudioButton.tsx:8:30)
    at div
    at div
    at div
    at div
    at article
    at LessonRenderer (/private/tmp/b1-test-stability-push.VtLu79/src/components/languages/LessonRenderer.tsx:86:3)
Warning: An update to LessonAudioButton inside a test was not wrapped in act(...).

When testing, code that causes React state updates should be wrapped into act(...):

act(() => {
  /* fire events that update state */
});
/* assert on the output */

This ensures that you're testing the behavior the user would see in the browser. Learn more at https://reactjs.org/link/wrap-tests-with-act
    at LessonAudioButton (/private/tmp/b1-test-stability-push.VtLu79/src/components/languages/LessonAudioButton.tsx:8:30)
    at div
    at div
    at div
    at div
    at article
    at LessonRenderer (/private/tmp/b1-test-stability-push.VtLu79/src/components/languages/LessonRenderer.tsx:86:3)
Warning: An update to LessonAudioButton inside a test was not wrapped in act(...).

When testing, code that causes React state updates should be wrapped into act(...):

act(() => {
  /* fire events that update state */
});
/* assert on the output */

This ensures that you're testing the behavior the user would see in the browser. Learn more at https://reactjs.org/link/wrap-tests-with-act
    at LessonAudioButton (/private/tmp/b1-test-stability-push.VtLu79/src/components/languages/LessonAudioButton.tsx:8:30)
    at div
    at div
    at div
    at div
    at article
    at LessonRenderer (/private/tmp/b1-test-stability-push.VtLu79/src/components/languages/LessonRenderer.tsx:86:3)
Warning: An update to LessonAudioButton inside a test was not wrapped in act(...).

When testing, code that causes React state updates should be wrapped into act(...):

act(() => {
  /* fire events that update state */
});
/* assert on the output */

This ensures that you're testing the behavior the user would see in the browser. Learn more at https://reactjs.org/link/wrap-tests-with-act
    at LessonAudioButton (/private/tmp/b1-test-stability-push.VtLu79/src/components/languages/LessonAudioButton.tsx:8:30)
    at div
    at div
    at DialogueLineRows (/private/tmp/b1-test-stability-push.VtLu79/src/components/languages/LessonRenderer.tsx:1112:3)
    at div
    at div
    at article
    at LessonRenderer (/private/tmp/b1-test-stability-push.VtLu79/src/components/languages/LessonRenderer.tsx:86:3)
Warning: An update to LessonAudioButton inside a test was not wrapped in act(...).

When testing, code that causes React state updates should be wrapped into act(...):

act(() => {
  /* fire events that update state */
});
/* assert on the output */

This ensures that you're testing the behavior the user would see in the browser. Learn more at https://reactjs.org/link/wrap-tests-with-act
    at LessonAudioButton (/private/tmp/b1-test-stability-push.VtLu79/src/components/languages/LessonAudioButton.tsx:8:30)
    at div
    at div
    at DialogueLineRows (/private/tmp/b1-test-stability-push.VtLu79/src/components/languages/LessonRenderer.tsx:1112:3)
    at div
    at div
    at article
    at LessonRenderer (/private/tmp/b1-test-stability-push.VtLu79/src/components/languages/LessonRenderer.tsx:86:3)
Warning: An update to LessonAudioButton inside a test was not wrapped in act(...).

When testing, code that causes React state updates should be wrapped into act(...):

act(() => {
  /* fire events that update state */
});
/* assert on the output */

This ensures that you're testing the behavior the user would see in the browser. Learn more at https://reactjs.org/link/wrap-tests-with-act
    at LessonAudioButton (/private/tmp/b1-test-stability-push.VtLu79/src/components/languages/LessonAudioButton.tsx:8:30)
    at div
    at div
    at DialogueLineRows (/private/tmp/b1-test-stability-push.VtLu79/src/components/languages/LessonRenderer.tsx:1112:3)
    at div
    at div
    at article
    at LessonRenderer (/private/tmp/b1-test-stability-push.VtLu79/src/components/languages/LessonRenderer.tsx:86:3)
Warning: An update to LessonAudioButton inside a test was not wrapped in act(...).

When testing, code that causes React state updates should be wrapped into act(...):

act(() => {
  /* fire events that update state */
});
/* assert on the output */

This ensures that you're testing the behavior the user would see in the browser. Learn more at https://reactjs.org/link/wrap-tests-with-act
    at LessonAudioButton (/private/tmp/b1-test-stability-push.VtLu79/src/components/languages/LessonAudioButton.tsx:8:30)
    at div
    at div
    at DialogueLineRows (/private/tmp/b1-test-stability-push.VtLu79/src/components/languages/LessonRenderer.tsx:1112:3)
    at div
    at div
    at article
    at LessonRenderer (/private/tmp/b1-test-stability-push.VtLu79/src/components/languages/LessonRenderer.tsx:86:3)

stderr | src/components/languages/__tests__/uiLanguageToggle.smoke.test.tsx > LessonRenderer uiLanguage gloss switching (smoke) > Chinese (C1): uiLanguage="en" renders the authored English gloss
Not implemented: HTMLMediaElement's pause() method
Not implemented: HTMLMediaElement's pause() method
Not implemented: HTMLMediaElement's pause() method
Not implemented: HTMLMediaElement's pause() method
Not implemented: HTMLMediaElement's pause() method
Not implemented: HTMLMediaElement's pause() method
Not implemented: HTMLMediaElement's pause() method
Not implemented: HTMLMediaElement's pause() method
Not implemented: HTMLMediaElement's pause() method
Not implemented: HTMLMediaElement's pause() method
Not implemented: HTMLMediaElement's pause() method
Not implemented: HTMLMediaElement's pause() method
Not implemented: HTMLMediaElement's pause() method
Not implemented: HTMLMediaElement's pause() method
Not implemented: HTMLMediaElement's pause() method
Not implemented: HTMLMediaElement's pause() method
Not implemented: HTMLMediaElement's pause() method
Not implemented: HTMLMediaElement's pause() method
Not implemented: HTMLMediaElement's pause() method

 ✓ src/components/languages/__tests__/uiLanguageToggle.smoke.test.tsx (9 tests) 243ms
 ✓ src/components/speech/__tests__/PhonemePlayButton.touchTarget.test.tsx (2 tests) 189ms
 ✓ src/components/mercy-guide/__tests__/MercyTeacherTab.disclosure.test.tsx (4 tests) 197ms
stdout | src/components/languages/__tests__/singleLanguageRender.smoke.test.tsx
[MB] Debug hooks attached {
  supabaseUrl: 'https://placeholder.invalid.supabase.co',
  projectId: 'placeholder.invalid.supabase.co',
  storageKey: 'mb-supabase-auth-placeholder.invalid.supabase.co',
  hasAnonKey: true,
  anonKeyPrefix: 'placeholder-anon-k…',
  isDev: true,
  devtools: [
    'window.__MB_SUPABASE__',
    'window.__MB_ENV__?.()',
    'await window.__MB_JWT__?.()',
    'await window.__MB_SESSION__?.()'
  ]
}

stderr | src/components/languages/__tests__/singleLanguageRender.smoke.test.tsx
[supabaseClient] Missing env vars { supabaseUrl: false, supabaseAnonKey: false }

 ✓ src/components/pricing/__tests__/SavingsBadge.test.tsx (18 tests) 103ms
 ✓ src/components/languages/__tests__/singleLanguageRender.smoke.test.tsx (7 tests) 76ms
stdout | src/pages/placement/v2/__tests__/PlacementV2Page.test.tsx
[MB] Debug hooks attached {
  supabaseUrl: 'https://placeholder.invalid.supabase.co',
  projectId: 'placeholder.invalid.supabase.co',
  storageKey: 'mb-supabase-auth-placeholder.invalid.supabase.co',
  hasAnonKey: true,
  anonKeyPrefix: 'placeholder-anon-k…',
  isDev: true,
  devtools: [
    'window.__MB_SUPABASE__',
    'window.__MB_ENV__?.()',
    'await window.__MB_JWT__?.()',
    'await window.__MB_SESSION__?.()'
  ]
}

stderr | src/pages/placement/v2/__tests__/PlacementV2Page.test.tsx
[supabaseClient] Missing env vars { supabaseUrl: false, supabaseAnonKey: false }

stderr | src/lib/pronunciation/__tests__/multiAccent.test.ts > useAccentPreference > hydrates from Supabase profile when remote disagrees with localStorage
Warning: An update to TestComponent inside a test was not wrapped in act(...).

When testing, code that causes React state updates should be wrapped into act(...):

act(() => {
  /* fire events that update state */
});
/* assert on the output */

This ensures that you're testing the behavior the user would see in the browser. Learn more at https://reactjs.org/link/wrap-tests-with-act
    at TestComponent (/Users/admin/MercyB/node_modules/@testing-library/react/dist/pure.js:328:5)
    at QueryClientProvider (file:///Users/admin/MercyB/node_modules/@tanstack/react-query/build/modern/QueryClientProvider.js:20:3)
    at /private/tmp/b1-test-stability-push.VtLu79/src/lib/pronunciation/__tests__/multiAccent.test.ts:26:13

stderr | src/lib/pronunciation/__tests__/multiAccent.test.ts > useAccentPreference > hydrates from Supabase profile when remote disagrees with localStorage
Warning: An update to TestComponent inside a test was not wrapped in act(...).

When testing, code that causes React state updates should be wrapped into act(...):

act(() => {
  /* fire events that update state */
});
/* assert on the output */

This ensures that you're testing the behavior the user would see in the browser. Learn more at https://reactjs.org/link/wrap-tests-with-act
    at TestComponent (/Users/admin/MercyB/node_modules/@testing-library/react/dist/pure.js:328:5)
    at QueryClientProvider (file:///Users/admin/MercyB/node_modules/@tanstack/react-query/build/modern/QueryClientProvider.js:20:3)
    at /private/tmp/b1-test-stability-push.VtLu79/src/lib/pronunciation/__tests__/multiAccent.test.ts:26:13
Warning: An update to TestComponent inside a test was not wrapped in act(...).

When testing, code that causes React state updates should be wrapped into act(...):

act(() => {
  /* fire events that update state */
});
/* assert on the output */

This ensures that you're testing the behavior the user would see in the browser. Learn more at https://reactjs.org/link/wrap-tests-with-act
    at TestComponent (/Users/admin/MercyB/node_modules/@testing-library/react/dist/pure.js:328:5)
    at QueryClientProvider (file:///Users/admin/MercyB/node_modules/@tanstack/react-query/build/modern/QueryClientProvider.js:20:3)
    at /private/tmp/b1-test-stability-push.VtLu79/src/lib/pronunciation/__tests__/multiAccent.test.ts:26:13

stderr | src/pages/stories/__tests__/ShareStory.test.tsx > ShareStory page > renders the not-eligible reason in Vietnamese when the gate fails
⚠️ React Router Future Flag Warning: React Router will begin wrapping state updates in `React.startTransition` in v7. You can use the `v7_startTransition` future flag to opt-in early. For more information, see https://reactrouter.com/v6/upgrading/future#v7_starttransition.
⚠️ React Router Future Flag Warning: Relative route resolution within Splat routes is changing in v7. You can use the `v7_relativeSplatPath` future flag to opt-in early. For more information, see https://reactrouter.com/v6/upgrading/future#v7_relativesplatpath.

stderr | src/pages/placement/v2/__tests__/PlacementV2Page.test.tsx > PlacementV2Page > who-for first, then self-rating calls begin with the rating
⚠️ React Router Future Flag Warning: React Router will begin wrapping state updates in `React.startTransition` in v7. You can use the `v7_startTransition` future flag to opt-in early. For more information, see https://reactrouter.com/v6/upgrading/future#v7_starttransition.
⚠️ React Router Future Flag Warning: Relative route resolution within Splat routes is changing in v7. You can use the `v7_relativeSplatPath` future flag to opt-in early. For more information, see https://reactrouter.com/v6/upgrading/future#v7_relativesplatpath.

 ✓ src/lib/feedback/__tests__/l1-error-detector.test.ts (81 tests) 82ms
stderr | src/components/streak/__tests__/StreakBadge.test.tsx > StreakBadge > renders the current streak count and a flame
⚠️ React Router Future Flag Warning: React Router will begin wrapping state updates in `React.startTransition` in v7. You can use the `v7_startTransition` future flag to opt-in early. For more information, see https://reactrouter.com/v6/upgrading/future#v7_starttransition.
⚠️ React Router Future Flag Warning: Relative route resolution within Splat routes is changing in v7. You can use the `v7_relativeSplatPath` future flag to opt-in early. For more information, see https://reactrouter.com/v6/upgrading/future#v7_relativesplatpath.

stdout | src/lib/pronunciation/__tests__/multiAccent.test.ts > scoreCloud — accent flows into the multipart body > attaches the accent form field when input.accent is set
[cloudScorer] provider= azure latency= 1 ms 

stdout | src/lib/pronunciation/__tests__/multiAccent.test.ts > scoreCloud — accent flows into the multipart body > omits the accent form field when input.accent is undefined
[cloudScorer] provider= azure latency= 0 ms 

 ✓ src/lib/pronunciation/__tests__/multiAccent.test.ts (20 tests) 139ms
 ✓ src/components/streak/__tests__/StreakBadge.test.tsx (8 tests) 123ms
 ✓ src/pages/placement/v2/__tests__/PlacementV2Page.test.tsx (5 tests) 163ms
 ✓ src/pages/stories/__tests__/ShareStory.test.tsx (2 tests) 254ms
stderr | src/components/mercy-guide/tabs/grammar-writing/__tests__/L1HintCard.test.tsx > L1HintCard > renders both English and Vietnamese feedback when a hint is provided
⚠️ React Router Future Flag Warning: React Router will begin wrapping state updates in `React.startTransition` in v7. You can use the `v7_startTransition` future flag to opt-in early. For more information, see https://reactrouter.com/v6/upgrading/future#v7_starttransition.
⚠️ React Router Future Flag Warning: Relative route resolution within Splat routes is changing in v7. You can use the `v7_relativeSplatPath` future flag to opt-in early. For more information, see https://reactrouter.com/v6/upgrading/future#v7_relativesplatpath.

stdout | src/components/room/__tests__/activeEntryAudioPlayback.test.tsx
[MB] Debug hooks attached {
  supabaseUrl: 'https://placeholder.invalid.supabase.co',
  projectId: 'placeholder.invalid.supabase.co',
  storageKey: 'mb-supabase-auth-placeholder.invalid.supabase.co',
  hasAnonKey: true,
  anonKeyPrefix: 'placeholder-anon-k…',
  isDev: true,
  devtools: [
    'window.__MB_SUPABASE__',
    'window.__MB_ENV__?.()',
    'await window.__MB_JWT__?.()',
    'await window.__MB_SESSION__?.()'
  ]
}

stderr | src/components/room/__tests__/activeEntryAudioPlayback.test.tsx
[supabaseClient] Missing env vars { supabaseUrl: false, supabaseAnonKey: false }

 ✓ src/components/mercy-guide/tabs/grammar-writing/__tests__/L1HintCard.test.tsx (17 tests) 100ms
 ✓ src/components/room/__tests__/activeEntryAudioPlayback.test.tsx (4 tests) 129ms
 ✓ src/data/__tests__/bilingual-sentences.test.ts (11 tests) 62ms
stdout | api/_lib/__tests__/aiProvider.test.ts > chatJsonWithFailover — OpenAI happy path > returns provider:'openai' and parses the JSON content on 200
[aiProvider] provider=openai latencyMs=2 attempts=[openai]

stderr | api/_lib/__tests__/aiProvider.test.ts > chatJsonWithFailover — failover-on-OpenAI-failure > falls over to Gemini on OpenAI 429
[aiProvider] OpenAI failed (HTTP 429) — failing over to Gemini

stdout | api/_lib/__tests__/aiProvider.test.ts > chatJsonWithFailover — failover-on-OpenAI-failure > falls over to Gemini on OpenAI 429
[aiProvider] provider=gemini latencyMs=0 attempts=[openai,gemini]

stderr | api/_lib/__tests__/aiProvider.test.ts > chatJsonWithFailover — failover-on-OpenAI-failure > falls over on OpenAI 503
[aiProvider] OpenAI failed (HTTP 503) — failing over to Gemini

stdout | api/_lib/__tests__/aiProvider.test.ts > chatJsonWithFailover — failover-on-OpenAI-failure > falls over on OpenAI 503
[aiProvider] provider=gemini latencyMs=1 attempts=[openai,gemini]

stderr | src/pages/interview-prompts/__tests__/Submit.test.tsx > SubmitInterviewPrompt page > renders the not-eligible Vietnamese reason when the gate fails
⚠️ React Router Future Flag Warning: React Router will begin wrapping state updates in `React.startTransition` in v7. You can use the `v7_startTransition` future flag to opt-in early. For more information, see https://reactrouter.com/v6/upgrading/future#v7_starttransition.
⚠️ React Router Future Flag Warning: Relative route resolution within Splat routes is changing in v7. You can use the `v7_relativeSplatPath` future flag to opt-in early. For more information, see https://reactrouter.com/v6/upgrading/future#v7_relativesplatpath.

stdout | src/router/__tests__/signupRouteAlias.test.tsx
[MB] Debug hooks attached {
  supabaseUrl: 'https://placeholder.invalid.supabase.co',
  projectId: 'placeholder.invalid.supabase.co',
  storageKey: 'mb-supabase-auth-placeholder.invalid.supabase.co',
  hasAnonKey: true,
  anonKeyPrefix: 'placeholder-anon-k…',
  isDev: true,
  devtools: [
    'window.__MB_SUPABASE__',
    'window.__MB_ENV__?.()',
    'await window.__MB_JWT__?.()',
    'await window.__MB_SESSION__?.()'
  ]
}

stderr | src/router/__tests__/signupRouteAlias.test.tsx
[supabaseClient] Missing env vars { supabaseUrl: false, supabaseAnonKey: false }

 ✓ src/components/__tests__/ErrorBoundary.test.tsx (5 tests) 46ms
stderr | api/_lib/__tests__/aiProvider.test.ts > chatJsonWithFailover — failover-on-OpenAI-failure > falls over on OpenAI timeout (AbortError)
[aiProvider] OpenAI failed (timeout) — failing over to Gemini

stdout | api/_lib/__tests__/aiProvider.test.ts > chatJsonWithFailover — failover-on-OpenAI-failure > falls over on OpenAI timeout (AbortError)
[aiProvider] provider=gemini latencyMs=51 attempts=[openai,gemini]

stdout | api/_lib/__tests__/aiProvider.test.ts > chatJsonWithFailover — does NOT fall over > returns ok:false on OpenAI 400 and never calls Gemini
[aiProvider] provider=none latencyMs=0 attempts=[openai] errorKind=upstream_error

stdout | api/_lib/__tests__/aiProvider.test.ts > chatJsonWithFailover — does NOT fall over > returns ok:false with parse_error on OpenAI 200 + invalid JSON
[aiProvider] provider=openai latencyMs=0 attempts=[openai] errorKind=parse_error

stderr | api/_lib/__tests__/aiProvider.test.ts > chatJsonWithFailover — both providers fail > returns ok:false provider:'none' when OpenAI 500 + Gemini 500
[aiProvider] OpenAI failed (HTTP 500) — failing over to Gemini

stdout | api/_lib/__tests__/aiProvider.test.ts > chatJsonWithFailover — both providers fail > returns ok:false provider:'none' when OpenAI 500 + Gemini 500
[aiProvider] provider=none latencyMs=0 attempts=[openai,gemini] errorKind=upstream_error

stderr | api/_lib/__tests__/aiProvider.test.ts > chatJsonWithFailover — GEMINI_API_KEY missing > returns ok:false errorKind:'no_key' on OpenAI 500 when Gemini key absent
[aiProvider] failover skipped: GEMINI_API_KEY missing latencyMs=0 attempts=[openai]

stderr | api/_lib/__tests__/aiProvider.test.ts > chatJsonWithFailover — Gemini response parsing > extracts text from candidates[0].content.parts[].text and parses JSON
[aiProvider] OpenAI failed (HTTP 500) — failing over to Gemini

stdout | api/_lib/__tests__/aiProvider.test.ts > chatJsonWithFailover — Gemini response parsing > extracts text from candidates[0].content.parts[].text and parses JSON
[aiProvider] provider=gemini latencyMs=0 attempts=[openai,gemini]

 ✓ api/_lib/__tests__/aiProvider.test.ts (9 tests) 64ms
 ✓ src/pages/interview-prompts/__tests__/Submit.test.tsx (2 tests) 64ms
stderr | src/router/__tests__/signupRouteAlias.test.tsx > /signup route alias (A79 D1) > renders LoginPage at /signup, not the 404 catch-all
⚠️ React Router Future Flag Warning: React Router will begin wrapping state updates in `React.startTransition` in v7. You can use the `v7_startTransition` future flag to opt-in early. For more information, see https://reactrouter.com/v6/upgrading/future#v7_starttransition.
⚠️ React Router Future Flag Warning: Relative route resolution within Splat routes is changing in v7. You can use the `v7_relativeSplatPath` future flag to opt-in early. For more information, see https://reactrouter.com/v6/upgrading/future#v7_relativesplatpath.

 ✓ src/router/__tests__/signupRouteAlias.test.tsx (3 tests) 63ms
stdout | src/lib/experiments/__tests__/paywallExperiment.test.ts
[MB] Debug hooks attached {
  supabaseUrl: 'https://placeholder.invalid.supabase.co',
  projectId: 'placeholder.invalid.supabase.co',
  storageKey: 'mb-supabase-auth-placeholder.invalid.supabase.co',
  hasAnonKey: true,
  anonKeyPrefix: 'placeholder-anon-k…',
  isDev: true,
  devtools: [
    'window.__MB_SUPABASE__',
    'window.__MB_ENV__?.()',
    'await window.__MB_JWT__?.()',
    'await window.__MB_SESSION__?.()'
  ]
}

stderr | src/lib/experiments/__tests__/paywallExperiment.test.ts
[supabaseClient] Missing env vars { supabaseUrl: false, supabaseAnonKey: false }

 ✓ src/lib/experiments/__tests__/paywallExperiment.test.ts (16 tests) 43ms
 ✓ src/lib/tracking/__tests__/ga4.test.ts (6 tests) 24ms
 ✓ src/lib/gift/__tests__/giftSubscriptionClient.test.ts (23 tests) 38ms
 ✓ src/lib/monitoring/__tests__/sentryActivation.test.ts (7 tests) 60ms
stderr | src/components/native/__tests__/AndroidBackButton.test.tsx > AndroidBackButton > does NOT register the listener off Android
⚠️ React Router Future Flag Warning: React Router will begin wrapping state updates in `React.startTransition` in v7. You can use the `v7_startTransition` future flag to opt-in early. For more information, see https://reactrouter.com/v6/upgrading/future#v7_starttransition.
⚠️ React Router Future Flag Warning: Relative route resolution within Splat routes is changing in v7. You can use the `v7_relativeSplatPath` future flag to opt-in early. For more information, see https://reactrouter.com/v6/upgrading/future#v7_relativesplatpath.

stderr | src/router/__tests__/AnonymousOnboardingGate.test.tsx > AnonymousOnboardingGate > first-time anonymous (no user, no stored pair) → picker
⚠️ React Router Future Flag Warning: React Router will begin wrapping state updates in `React.startTransition` in v7. You can use the `v7_startTransition` future flag to opt-in early. For more information, see https://reactrouter.com/v6/upgrading/future#v7_starttransition.
⚠️ React Router Future Flag Warning: Relative route resolution within Splat routes is changing in v7. You can use the `v7_relativeSplatPath` future flag to opt-in early. For more information, see https://reactrouter.com/v6/upgrading/future#v7_relativesplatpath.

 ✓ src/components/native/__tests__/AndroidBackButton.test.tsx (6 tests) 46ms
 ✓ src/router/__tests__/AnonymousOnboardingGate.test.tsx (11 tests) 78ms
 ✓ src/lib/writing-feedback/__tests__/scoreEssayVN.test.ts (23 tests) 21ms
 ✓ src/lib/placement/v3/__tests__/recommender.test.ts (8 tests) 2377ms
   ✓ placement v3 recommender > excludes lessons from recent history  484ms
   ✓ placement v3 recommender > boosts pronunciation lessons when focusOnPronunciation is true  533ms
stderr | src/components/native/__tests__/NativeDeepLinkListener.test.tsx > NativeDeepLinkListener > does not throw if registration rejects (web / plugin unavailable)
[NativeDeepLinkListener] registration failed: Error: no native
    at /private/tmp/b1-test-stability-push.VtLu79/src/components/native/__tests__/NativeDeepLinkListener.test.tsx:41:48
    at file:///Users/admin/MercyB/node_modules/@vitest/runner/dist/chunk-hooks.js:155:11
    at file:///Users/admin/MercyB/node_modules/@vitest/runner/dist/chunk-hooks.js:752:26
    at file:///Users/admin/MercyB/node_modules/@vitest/runner/dist/chunk-hooks.js:1897:20
    at new Promise (<anonymous>)
    at runWithTimeout (file:///Users/admin/MercyB/node_modules/@vitest/runner/dist/chunk-hooks.js:1863:10)
    at runTest (file:///Users/admin/MercyB/node_modules/@vitest/runner/dist/chunk-hooks.js:1574:12)
    at runSuite (file:///Users/admin/MercyB/node_modules/@vitest/runner/dist/chunk-hooks.js:1729:8)
    at runSuite (file:///Users/admin/MercyB/node_modules/@vitest/runner/dist/chunk-hooks.js:1729:8)
    at runFiles (file:///Users/admin/MercyB/node_modules/@vitest/runner/dist/chunk-hooks.js:1787:3)

 ✓ src/components/native/__tests__/NativeDeepLinkListener.test.tsx (4 tests) 31ms
 ✓ src/data/mock-interviews/__tests__/professional-scenarios.test.ts (684 tests) 66ms
stderr | api/__tests__/mercy-feedback.test.ts > api/mercy-feedback — #745/A12 server contract > REGRESSION: missing SUPABASE_SERVICE_ROLE_KEY → 500 supabase_not_configured naming the var
[mercy-feedback] supabase_not_configured — missing env: SUPABASE_SERVICE_ROLE_KEY

stderr | api/__tests__/mercy-feedback.test.ts > api/mercy-feedback — #745/A12 server contract > surfaces a Supabase insert failure as 500 supabase_insert_failed (not a silent 200)
Mercy feedback insert error { message: 'rls denied' }

 ✓ api/__tests__/mercy-feedback.test.ts (4 tests) 40ms
 ✓ src/components/ui/__tests__/button.test.tsx (11 tests) 67ms
stderr | supabase/functions/mock-interview/__tests__/index.test.ts > handleRequest — fail-open on infra blip > when the gate throws, allows the session through (transition safety)
[mock-interview] gate threw — failing open: Error: PG hiccup
    at /private/tmp/b1-test-stability-push.VtLu79/supabase/functions/mock-interview/__tests__/index.test.ts:256:56
    at file:///Users/admin/MercyB/node_modules/@vitest/runner/dist/chunk-hooks.js:155:11
    at file:///Users/admin/MercyB/node_modules/@vitest/runner/dist/chunk-hooks.js:752:26
    at file:///Users/admin/MercyB/node_modules/@vitest/runner/dist/chunk-hooks.js:1897:20
    at new Promise (<anonymous>)
    at runWithTimeout (file:///Users/admin/MercyB/node_modules/@vitest/runner/dist/chunk-hooks.js:1863:10)
    at runTest (file:///Users/admin/MercyB/node_modules/@vitest/runner/dist/chunk-hooks.js:1574:12)
    at runSuite (file:///Users/admin/MercyB/node_modules/@vitest/runner/dist/chunk-hooks.js:1729:8)
    at runSuite (file:///Users/admin/MercyB/node_modules/@vitest/runner/dist/chunk-hooks.js:1729:8)
    at runFiles (file:///Users/admin/MercyB/node_modules/@vitest/runner/dist/chunk-hooks.js:1787:3)

 ✓ src/data/pronunciation/__tests__/phonemeDrills.test.ts (176 tests) 40ms
 ✓ supabase/functions/mock-interview/__tests__/index.test.ts (19 tests) 30ms
stdout | src/lib/tracking/__tests__/initMarketingTracking.test.ts
[MB] Debug hooks attached {
  supabaseUrl: 'https://placeholder.invalid.supabase.co',
  projectId: 'placeholder.invalid.supabase.co',
  storageKey: 'mb-supabase-auth-placeholder.invalid.supabase.co',
  hasAnonKey: true,
  anonKeyPrefix: 'placeholder-anon-k…',
  isDev: true,
  devtools: [
    'window.__MB_SUPABASE__',
    'window.__MB_ENV__?.()',
    'await window.__MB_JWT__?.()',
    'await window.__MB_SESSION__?.()'
  ]
}

stderr | src/lib/tracking/__tests__/initMarketingTracking.test.ts
[supabaseClient] Missing env vars { supabaseUrl: false, supabaseAnonKey: false }

 ✓ src/lib/tracking/__tests__/initMarketingTracking.test.ts (10 tests) 31ms
 ✓ src/data/exam-prep/ielts/__tests__/reading-passages.test.ts (154 tests) 24ms
stderr | supabase/functions/redeem-access-code/__tests__/core.test.ts > handleRequest — RPC error mapping > hides unknown RPC error messages behind a generic message (no SQL leak)
[redeem-access-code] internal error: 42703 column st.key does not exist

stderr | supabase/functions/redeem-access-code/__tests__/core.test.ts > handleRequest — RPC error mapping > hides unknown CHECK constraint violations behind a generic message
[redeem-access-code] internal error: 23514 new row violates check constraint "payment_transactions_payment_method_check"

stderr | supabase/functions/redeem-access-code/__tests__/core.test.ts > handleRequest — atomicity contract > returns ok:false WITHOUT a second RPC call when the RPC fails
[redeem-access-code] internal error: 23514 constraint violation

stderr | supabase/functions/redeem-access-code/__tests__/core.test.ts > handleRequest — welcome email > returns ok:true even when sendWelcomeEmail throws
[redeem-access-code] welcome email failed: Error: Resend is down
    at /private/tmp/b1-test-stability-push.VtLu79/supabase/functions/redeem-access-code/__tests__/core.test.ts:380:51
    at file:///Users/admin/MercyB/node_modules/@vitest/runner/dist/chunk-hooks.js:155:11
    at file:///Users/admin/MercyB/node_modules/@vitest/runner/dist/chunk-hooks.js:752:26
    at file:///Users/admin/MercyB/node_modules/@vitest/runner/dist/chunk-hooks.js:1897:20
    at new Promise (<anonymous>)
    at runWithTimeout (file:///Users/admin/MercyB/node_modules/@vitest/runner/dist/chunk-hooks.js:1863:10)
    at runTest (file:///Users/admin/MercyB/node_modules/@vitest/runner/dist/chunk-hooks.js:1574:12)
    at runSuite (file:///Users/admin/MercyB/node_modules/@vitest/runner/dist/chunk-hooks.js:1729:8)
    at runSuite (file:///Users/admin/MercyB/node_modules/@vitest/runner/dist/chunk-hooks.js:1729:8)
    at runFiles (file:///Users/admin/MercyB/node_modules/@vitest/runner/dist/chunk-hooks.js:1787:3)

 ✓ supabase/functions/redeem-access-code/__tests__/core.test.ts (26 tests) 29ms
 ✓ src/data/exam-prep/ielts/__tests__/listening-items.test.ts (17 tests) 33ms
 ✓ src/lib/tracking/__tests__/pixel.test.ts (9 tests) 32ms
 ✓ src/lib/teacher-mercy/mercySessionFlow.golden.test.ts (1 test) 29ms
 ✓ src/lib/__tests__/lazyWithRetry.test.ts (9 tests) 38ms
stderr | src/router/__tests__/WebOnlyRoute.test.tsx > WebOnlyRoute > renders children on web
⚠️ React Router Future Flag Warning: React Router will begin wrapping state updates in `React.startTransition` in v7. You can use the `v7_startTransition` future flag to opt-in early. For more information, see https://reactrouter.com/v6/upgrading/future#v7_starttransition.
⚠️ React Router Future Flag Warning: Relative route resolution within Splat routes is changing in v7. You can use the `v7_relativeSplatPath` future flag to opt-in early. For more information, see https://reactrouter.com/v6/upgrading/future#v7_relativesplatpath.

 ✓ src/router/__tests__/WebOnlyRoute.test.tsx (3 tests) 28ms
 ✓ src/data/exam-prep/ielts/__tests__/speaking-topics.test.ts (254 tests) 31ms
 ✓ supabase/functions/_shared/__tests__/entitlement.test.ts (152 tests) 26ms
 ✓ src/components/seo/__tests__/SeoMeta.test.tsx (2 tests) 45ms
 ✓ src/lib/weakness/__tests__/micro-lessons.test.ts (12 tests) 39ms
 ✓ src/data/profession-packs/customer-service/__tests__/content.test.ts (18 tests) 47ms
 ✓ src/lib/mercy/__tests__/progressTriggers.test.ts (40 tests) 9ms
 ✓ src/pages/__tests__/AllRooms.test.tsx (4 tests) 16ms
 ✓ src/data/exam-prep/vstep/__tests__/reading-passages.test.ts (11 tests) 21ms
 ✓ src/lib/feedback/__tests__/l1-rules-round5.test.ts (51 tests) 26ms
 ✓ supabase/functions/send-bulk-invitations/__tests__/core.test.ts (15 tests) 26ms
 ✓ supabase/functions/account-convert/__tests__/core.test.ts (16 tests) 34ms
 ✓ supabase/functions/placement-session/__tests__/core.test.ts (19 tests) 36ms
 ✓ src/__tests__/teacher-mercy-engine.test.ts (23 tests) 13ms
 ✓ src/__tests__/mercy-emotion-model.test.ts (34 tests) 16ms
 ✓ src/lib/publicApi/__tests__/keyHash.test.ts (17 tests) 8ms
 ✓ src/lib/monitoring/__tests__/sentryInit.test.ts (72 tests) 14ms
 ✓ src/data/profession-packs/healthcare/__tests__/content.test.ts (20 tests) 37ms
 ✓ src/lib/tracking/__tests__/clarity.test.ts (6 tests) 18ms
 ✓ src/lib/teacher-mercy/__tests__/generateTeachingTurn.fixtures.test.ts (8 tests) 14ms
 ✓ src/data/exam-prep/ielts/__tests__/reading-passages-vn-extension.test.ts (94 tests) 30ms
stderr | src/lib/__tests__/authService.test.ts > authService realistic Supabase scenarios > fails closed when getSession returns an error
[authService] getSession failed: JWT expired

stderr | src/lib/__tests__/authService.test.ts > authService realistic Supabase scenarios > fails closed when entitlement function returns an error
[authService] me-entitlement failed: { message: 'Edge Function unavailable' }

stderr | src/lib/__tests__/authService.test.ts > authService realistic Supabase scenarios > fails closed when entitlement function throws
[authService] entitlement fetch crashed: Error: network timeout
    at /private/tmp/b1-test-stability-push.VtLu79/src/lib/__tests__/authService.test.ts:92:7
    at file:///Users/admin/MercyB/node_modules/@vitest/runner/dist/chunk-hooks.js:155:11
    at file:///Users/admin/MercyB/node_modules/@vitest/runner/dist/chunk-hooks.js:752:26
    at file:///Users/admin/MercyB/node_modules/@vitest/runner/dist/chunk-hooks.js:1897:20
    at new Promise (<anonymous>)
    at runWithTimeout (file:///Users/admin/MercyB/node_modules/@vitest/runner/dist/chunk-hooks.js:1863:10)
    at runTest (file:///Users/admin/MercyB/node_modules/@vitest/runner/dist/chunk-hooks.js:1574:12)
    at runSuite (file:///Users/admin/MercyB/node_modules/@vitest/runner/dist/chunk-hooks.js:1729:8)
    at runSuite (file:///Users/admin/MercyB/node_modules/@vitest/runner/dist/chunk-hooks.js:1729:8)
    at runFiles (file:///Users/admin/MercyB/node_modules/@vitest/runner/dist/chunk-hooks.js:1787:3)

 ✓ src/lib/__tests__/authService.test.ts (10 tests) 20ms
 ✓ src/lib/weakness/__tests__/richLessonSchema.test.ts (8 tests) 20ms
 ✓ src/data/placement/v3/__tests__/prompts.test.ts (6 tests) 27ms
 ✓ src/services/__tests__/speechHistory.test.ts (12 tests) 5ms
 ✓ src/data/profession-packs/tech-worker/__tests__/content.test.ts (19 tests) 43ms
 ✓ src/lib/teacher-mercy/__tests__/generateTeachingTurn.voice.snapshots.test.ts (6 tests) 51ms
 ✓ src/lib/referral/__tests__/referralClient.test.ts (31 tests) 18ms
 ✓ src/data/profession-packs/hospitality/__tests__/content.test.ts (19 tests) 31ms
stderr | src/lib/family/__tests__/familyPlanClient.test.ts > createFamilyPlan > rejects out-of-range maxMembers without DB hit
[familyPlan] maxMembers out of range: 1

stderr | src/lib/family/__tests__/familyPlanClient.test.ts > createFamilyPlan > rejects out-of-range maxMembers without DB hit
[familyPlan] maxMembers out of range: 9

stderr | src/lib/family/__tests__/familyPlanClient.test.ts > createFamilyPlan > returns null on DB error
[familyPlan] createFamilyPlan failed: permission denied

stderr | src/lib/family/__tests__/familyPlanClient.test.ts > removeMember > returns false on error
[familyPlan] removeMember failed: permission denied

stderr | src/lib/family/__tests__/familyPlanClient.test.ts > listMembers > returns [] on error
[familyPlan] listMembers failed: boom

 ✓ src/lib/family/__tests__/familyPlanClient.test.ts (22 tests) 36ms
 ✓ src/lib/security/__tests__/mfaClientPhase2.test.ts (35 tests) 26ms
 ✓ src/lib/teacher-mercy/__tests__/teacherMercy.integration.test.ts (6 tests) 26ms
 ✓ src/lib/placement/__tests__/engine.test.ts (46 tests) 10ms
 ✓ supabase/functions/_shared/__tests__/accountConversionOAuth.test.ts (11 tests) 7ms
 ✓ src/lib/placement/__tests__/cefrToRoom.test.ts (9 tests) 4ms
 ✓ src/data/profession-packs/restaurant/__tests__/content.test.ts (16 tests) 27ms
 ✓ src/data/listening/__tests__/clips.test.ts (18 tests) 9ms
stdout | src/lib/__tests__/roomLoader.test.ts > loadMergedRoom > loads room from DB successfully
[2026-05-20T14:30:33.916Z] [INFO] [App] [App] Room loaded: test-room in 0.7895829999997659ms {
  source: 'database',
  entryCount: 1,
  roomId: 'test-room',
  duration_ms: 0.7895829999997659
}

stdout | src/lib/__tests__/roomLoader.test.ts > loadMergedRoom > admin gets full access to vip room even when determineAccess would deny
[2026-05-20T14:30:33.920Z] [INFO] [App] [App] Room loaded: level3-room in 0.3471659999995609ms {
  source: 'database',
  entryCount: 1,
  roomId: 'level3-room',
  duration_ms: 0.3471659999995609
}

stdout | src/lib/__tests__/roomLoader.test.ts > loadMergedRoom > db room metadata missing but json entries recover room
[2026-05-20T14:30:33.921Z] [INFO] [App] [App] Room loaded: json-room in 0.21437499999956344ms {
  source: 'json',
  entryCount: 1,
  roomId: 'json-room',
  duration_ms: 0.21437499999956344
}

stderr | src/lib/__tests__/roomLoader.test.ts > loadMergedRoom > JSON exists but entries is not an array → fails safely
[2026-05-20T14:30:33.922Z] [ERROR] [App] [App] Room failed to load: bad-json-room {
  error: 'Room not found in database or JSON',
  roomId: 'bad-json-room',
  duration_ms: 0.21154200000091805
}

stdout | src/lib/__tests__/roomLoader.test.ts > loadMergedRoom > DB entry rows missing expected fields → derives safe fallback values
[2026-05-20T14:30:33.923Z] [INFO] [App] [App] Room loaded: broken-db-room in 0.4429579999996349ms {
  source: 'database',
  entryCount: 2,
  roomId: 'broken-db-room',
  duration_ms: 0.4429579999996349
}

stdout | src/lib/__tests__/roomLoader.test.ts > loadMergedRoom > db entries malformed falls back to json
[2026-05-20T14:30:33.928Z] [INFO] [App] [App] Room loaded: mixed-room in 0.2477920000001177ms {
  source: 'json',
  entryCount: 1,
  roomId: 'mixed-room',
  duration_ms: 0.2477920000001177
}

stdout | src/lib/__tests__/roomLoader.test.ts > loadMergedRoom > room data has empty keywords / null copy / broken shapes → still returns safe output
[2026-05-20T14:30:33.929Z] [INFO] [App] [App] Room loaded: shape-room in 0.19100000000071304ms {
  source: 'database',
  entryCount: 1,
  roomId: 'shape-room',
  duration_ms: 0.19100000000071304
}

stdout | src/lib/__tests__/roomLoader.test.ts > loadMergedRoom > DB has room row but no entries, JSON has broken shapes → still recovers safely
[2026-05-20T14:30:33.930Z] [INFO] [App] [App] Room loaded: mixed-room in 0.16883299999972223ms {
  source: 'json',
  entryCount: 1,
  roomId: 'mixed-room',
  duration_ms: 0.16883299999972223
}

stderr | src/lib/__tests__/roomLoader.test.ts > loadMergedRoom > DB returns stale/incomplete room while JSON is malformed → fails safely
[2026-05-20T14:30:33.930Z] [ERROR] [App] [App] Room failed to load: broken-room {
  error: 'Room not found in database or JSON',
  roomId: 'broken-room',
  duration_ms: 0.16679199999998673
}

 ✓ src/lib/__tests__/roomLoader.test.ts (9 tests) 18ms
 ✓ supabase/functions/create-billing-portal-session/__tests__/core.test.ts (11 tests) 37ms
 ✓ supabase/functions/placement-v3-session/__tests__/graderClient.test.ts (7 tests) 11ms
 ✓ src/lib/mercy/__tests__/factExtractor.test.ts (18 tests) 9ms
 ✓ supabase/functions/placement-session/__tests__/grading.test.ts (2 tests) 13ms
 ✓ src/data/profession-packs/nail-technician/__tests__/content.test.ts (14 tests) 17ms
 ✓ supabase/functions/_shared/entitlement/__tests__/recompute.test.ts (26 tests) 12ms
stderr | supabase/functions/_shared/__tests__/ipRateLimit.test.ts > checkIpRateLimit > fails open (allowed) when surface config is missing
[ipRateLimit] no config for surface 'not-a-known-surface'; failing open

stderr | supabase/functions/_shared/__tests__/ipRateLimit.test.ts > checkIpRateLimit > fails open when the RPC errors (never blocks legitimate traffic)
[ipRateLimit] incr_ip_rate_limit RPC error (azure-phoneme:minute): rpc failed

 ✓ supabase/functions/_shared/__tests__/ipRateLimit.test.ts (21 tests) 16ms
stdout | src/hooks/__tests__/usePlacementSession.test.tsx
[MB] Debug hooks attached {
  supabaseUrl: 'https://placeholder.invalid.supabase.co',
  projectId: 'placeholder.invalid.supabase.co',
  storageKey: 'mb-supabase-auth-placeholder.invalid.supabase.co',
  hasAnonKey: true,
  anonKeyPrefix: 'placeholder-anon-k…',
  isDev: true,
  devtools: [
    'window.__MB_SUPABASE__',
    'window.__MB_ENV__?.()',
    'await window.__MB_JWT__?.()',
    'await window.__MB_SESSION__?.()'
  ]
}

stderr | src/hooks/__tests__/usePlacementSession.test.tsx
[supabaseClient] Missing env vars { supabaseUrl: false, supabaseAnonKey: false }

 ✓ src/hooks/__tests__/usePlacementSession.test.tsx (4 tests) 17ms
 ✓ src/data/profession-packs/nail-technician/__tests__/nail-technician.test.ts (112 tests) 12ms
 ✓ src/data/placement/__tests__/vnL1Interference.test.ts (10 tests) 14ms
 ✓ supabase/functions/stripe-webhook/__tests__/monotonic-backoff.test.ts (12 tests) 6ms
 ✓ supabase/functions/email-reengagement/__tests__/categorizeUsers.test.ts (15 tests) 4ms
 ✓ src/data/profession-packs/drivers/__tests__/content.test.ts (19 tests) 23ms
 ✓ src/lib/__tests__/preloadRecovery.test.ts (6 tests) 18ms
 ✓ src/data/placement/v3/__tests__/calibration.test.ts (7 tests) 16ms
 ✓ src/lib/weakness/__tests__/weakness-catalog.test.ts (27 tests) 22ms
 ✓ supabase/functions/me-entitlement/__tests__/entitlement.test.ts (39 tests) 28ms
stdout | src/__tests__/roomRegistryCoverage.test.ts > Room Registry Coverage > should load rooms from roomDataMap into registry
Registry loaded 10 rooms

stdout | src/__tests__/roomRegistryCoverage.test.ts > Room Registry Coverage > should report health score above 80%
Health score: 100%

stdout | src/__tests__/roomRegistryCoverage.test.ts > Room Registry Coverage > should have coverage for all major tiers
level0 (level0): 3 rooms
vip1 (vip1): 3 rooms
vip2 (vip2): 3 rooms
vip3 (vip3): 3 rooms

 ✓ supabase/functions/billing-stripe-change-plan/__tests__/logic.test.ts (36 tests) 14ms
stdout | src/__tests__/roomRegistryCoverage.test.ts > Debug Search Validation > should provide debug info for search
[Search Debug] "ADHD"
  Registry size: 10 rooms
  Matches found: 10
  Search time: 0.03ms
  Top 5 results:
    1. ADHD Strategies (adhd_strategies_level1) [level1] score=13.5
    2. ADHD Support (adhd_support_level3) [level3] score=13.5
    3. Animals for Kids (kids_animals_l1) [level0] score=0.5
    4. Anxiety Relief (anxiety_relief_level3) [level3] score=0.5
    5. Anxiety Toolkit (anxiety_toolkit_level2) [level2] score=0.5

 ✓ src/__tests__/roomRegistryCoverage.test.ts (15 tests) 10ms
 ✓ src/lib/security/__tests__/mfaClient.test.ts (33 tests) 10ms
 ✓ src/lib/interviewPrompts/__tests__/voting.test.ts (5 tests) 6ms
stderr | src/lib/__tests__/roomLoader.corruption.test.ts > loadMergedRoom corruption handling > JSON exists but entries is not an array → returns ROOM_NOT_FOUND safely
[2026-05-20T14:30:36.091Z] [ERROR] [App] [App] Room failed to load: bad-json-room {
  error: 'Room not found in database or JSON',
  roomId: 'bad-json-room',
  duration_ms: 0.918708000001061
}

stdout | src/lib/__tests__/roomLoader.corruption.test.ts > loadMergedRoom corruption handling > DB entry rows missing expected fields → derives safe fallback values
[2026-05-20T14:30:36.096Z] [INFO] [App] [App] Room loaded: broken-db-room in 0.9012500000026193ms {
  source: 'database',
  entryCount: 2,
  roomId: 'broken-db-room',
  duration_ms: 0.9012500000026193
}

stdout | src/lib/__tests__/roomLoader.corruption.test.ts > loadMergedRoom corruption handling > room data has empty keywords / null copy / broken shapes → still returns safe output
[2026-05-20T14:30:36.098Z] [INFO] [App] [App] Room loaded: shape-room in 0.40187499999956344ms {
  source: 'database',
  entryCount: 1,
  roomId: 'shape-room',
  duration_ms: 0.40187499999956344
}

stdout | src/lib/__tests__/roomLoader.corruption.test.ts > loadMergedRoom corruption handling > DB shell exists but JSON entries have broken shapes → still recovers safely
[2026-05-20T14:30:36.099Z] [INFO] [App] [App] Room loaded: mixed-room in 0.297459000001254ms {
  source: 'json',
  entryCount: 1,
  roomId: 'mixed-room',
  duration_ms: 0.297459000001254
}

stderr | src/lib/__tests__/roomLoader.corruption.test.ts > loadMergedRoom corruption handling > DB returns stale/incomplete room while JSON is malformed → fails safely
[2026-05-20T14:30:36.100Z] [ERROR] [App] [App] Room failed to load: broken-room {
  error: 'Room not found in database or JSON',
  roomId: 'broken-room',
  duration_ms: 0.38075000000026193
}

stderr | src/lib/__tests__/roomLoader.corruption.test.ts > loadMergedRoom corruption handling > DB returns broken room row with non-array keywords → still fails safely when no usable entries exist
[2026-05-20T14:30:36.101Z] [ERROR] [App] [App] Room failed to load: odd-room {
  error: 'Room not found in database or JSON',
  roomId: 'odd-room',
  duration_ms: 0.42358299999978044
}

stdout | src/lib/__tests__/roomLoader.corruption.test.ts > loadMergedRoom corruption handling > JSON entries with partial valid data are normalized instead of crashing
[2026-05-20T14:30:36.102Z] [INFO] [App] [App] Room loaded: partial-json-room in 0.24012500000026193ms {
  source: 'json',
  entryCount: 2,
  roomId: 'partial-json-room',
  duration_ms: 0.24012500000026193
}

 ✓ src/lib/__tests__/roomLoader.corruption.test.ts (7 tests) 14ms
 ✓ supabase/functions/redeem-gift-code/__tests__/core.test.ts (17 tests) 21ms
 ✓ src/lib/pronunciation/__tests__/streamingScorer.test.ts (24 tests) 14ms
 ✓ supabase/functions/placement-v3-mercy-conversation/__tests__/turnGenerator.test.ts (7 tests) 9ms
stderr | src/lib/mercy/__tests__/userFacts.test.ts > addFact > returns null on non-unique error
[userFacts] addFact failed: permission denied

stderr | src/lib/mercy/__tests__/userFacts.test.ts > getActiveFactsForUser > returns [] on error
[userFacts] getActiveFactsForUser failed: boom

 ✓ src/data/exam-prep/vstep/__tests__/speaking-topics.test.ts (12 tests) 37ms
stderr | src/lib/mercy/__tests__/userFacts.test.ts > supersedeFact > returns null when the new insert fails (no link write)
[userFacts] supersedeFact insert failed: boom

 ✓ src/lib/mercy/__tests__/userFacts.test.ts (18 tests) 17ms
 ✓ src/lib/speech/__tests__/keywordToSentence.test.ts (10 tests) 4ms
 ✓ src/lib/userContent/__tests__/sentenceSubmission.test.ts (24 tests) 10ms
stdout | src/__tests__/mercy-integration.test.ts > Mercy Integration Tests > Room Enter Flow > should trigger greeting on first room enter
[MercyLog] room_enter {
  type: 'room_enter',
  roomId: 'test-room',
  roomTitle: 'Test Room',
  domain: 'other',
  tier: 'level0',
  language: 'en',
  id: 'log_1779287436762_ly9cvn',
  timestampISO: '2026-05-20T14:30:36.762Z'
}

stderr | src/__tests__/mercy-integration.test.ts > Mercy Integration Tests > Memory Persistence > should reset corrupted memory
[MercyMemory] Failed to load, resetting: SyntaxError: Unexpected token 'i', "invalid json{" is not valid JSON
    at JSON.parse (<anonymous>)
    at loadValidatedMemory (/private/tmp/b1-test-stability-push.VtLu79/src/lib/teacher-mercy/memorySchema.ts:302:25)
    at /private/tmp/b1-test-stability-push.VtLu79/src/__tests__/mercy-integration.test.ts:150:22
    at file:///Users/admin/MercyB/node_modules/@vitest/runner/dist/chunk-hooks.js:155:11
    at file:///Users/admin/MercyB/node_modules/@vitest/runner/dist/chunk-hooks.js:752:26
    at file:///Users/admin/MercyB/node_modules/@vitest/runner/dist/chunk-hooks.js:1897:20
    at new Promise (<anonymous>)
    at runWithTimeout (file:///Users/admin/MercyB/node_modules/@vitest/runner/dist/chunk-hooks.js:1863:10)
    at runTest (file:///Users/admin/MercyB/node_modules/@vitest/runner/dist/chunk-hooks.js:1574:12)
    at runSuite (file:///Users/admin/MercyB/node_modules/@vitest/runner/dist/chunk-hooks.js:1729:8)

stdout | src/__tests__/mercy-integration.test.ts > Mercy Integration Tests > Memory Persistence > should migrate old memory versions
[MercyMemory] Migrating from v1

stdout | src/__tests__/mercy-integration.test.ts > Mercy Integration Tests > Heartbeat Monitor > should detect invalid avatar style
[MercyHeartbeat] Repair callback executed
[MercyHeartbeat] Repair callback executed

stderr | src/__tests__/mercy-integration.test.ts > Mercy Integration Tests > Heartbeat Monitor > should detect invalid avatar style
[MercyHeartbeat] Attempting repair... [ 'Avatar not mounted' ]
[MercyHeartbeat] Attempting repair... [ 'Avatar not mounted' ]

 ✓ src/__tests__/mercy-integration.test.ts (17 tests) 25ms
 ✓ src/lib/interview/__tests__/interviewSession.test.ts (18 tests) 14ms
 ✓ src/lib/profile/__tests__/rlsContract.test.ts (36 tests) 13ms
stdout | src/lib/__tests__/roomLoader.snapshot.test.ts > loadMergedRoom snapshots > DB room → stable merged structure snapshot
[2026-05-20T14:30:36.850Z] [INFO] [App] [App] Room loaded: test-room in 0.6834579999995185ms {
  source: 'database',
  entryCount: 1,
  roomId: 'test-room',
  duration_ms: 0.6834579999995185
}

stdout | src/lib/__tests__/roomLoader.snapshot.test.ts > loadMergedRoom snapshots > JSON fallback room → stable merged structure snapshot
[2026-05-20T14:30:36.869Z] [INFO] [App] [App] Room loaded: json-room in 0.26070899999831454ms {
  source: 'json',
  entryCount: 1,
  roomId: 'json-room',
  duration_ms: 0.26070899999831454
}

 ✓ src/lib/__tests__/roomLoader.snapshot.test.ts (2 tests) 24ms
 ✓ src/lib/weakness/__tests__/renderInlineBold.test.tsx (7 tests) 5ms
 ✓ src/data/exam-prep/vstep/__tests__/listening-items.test.ts (12 tests) 10ms
 ✓ supabase/functions/stripe-webhook/__tests__/verifyStripeSignature.test.ts (10 tests) 11ms
 ✓ src/lib/teacher-mercy/teacherMercy.test.ts (7 tests) 19ms
stdout | src/lib/share/__tests__/facebookShare.test.ts
[MB] Debug hooks attached {
  supabaseUrl: 'https://placeholder.invalid.supabase.co',
  projectId: 'placeholder.invalid.supabase.co',
  storageKey: 'mb-supabase-auth-placeholder.invalid.supabase.co',
  hasAnonKey: true,
  anonKeyPrefix: 'placeholder-anon-k…',
  isDev: true,
  devtools: [
    'window.__MB_SUPABASE__',
    'window.__MB_ENV__?.()',
    'await window.__MB_JWT__?.()',
    'await window.__MB_SESSION__?.()'
  ]
}

stderr | src/lib/share/__tests__/facebookShare.test.ts
[supabaseClient] Missing env vars { supabaseUrl: false, supabaseAnonKey: false }

 ✓ src/lib/share/__tests__/facebookShare.test.ts (9 tests) 3ms
 ✓ supabase/functions/placement-v3-session/__tests__/adversarial.test.ts (5 tests) 8ms
 ✓ src/lib/admin/__tests__/engagementInsights.test.ts (7 tests) 5ms
 ✓ src/data/__tests__/speech-sentences.test.ts (19 tests) 14ms
 ✓ src/lib/analytics/__tests__/ruleEffectiveness.test.ts (8 tests) 5ms
 ✓ src/lib/admin/__tests__/markForReview.test.ts (6 tests) 6ms
 ✓ supabase/functions/placement-v3-mercy-conversation/__tests__/integration.test.ts (7 tests) 19ms
 ✓ src/hooks/placement/v3/__tests__/usePlacementProgress.test.ts (2 tests) 15ms
 ✓ src/components/mercy-guide/__tests__/wordChips.test.ts (11 tests) 6ms
stderr | src/services/__tests__/userSessions.test.ts > userSessions.logUserSession > returns ok=false when upsert errors
[userSessions] upsert failed: rls blocked

stderr | src/services/__tests__/userSessions.test.ts > userSessions.logUserSession > returns ok=false when upsert throws
[userSessions] upsert crashed: Error: net
    at /private/tmp/b1-test-stability-push.VtLu79/src/services/__tests__/userSessions.test.ts:93:38
    at file:///Users/admin/MercyB/node_modules/@vitest/runner/dist/chunk-hooks.js:155:11
    at file:///Users/admin/MercyB/node_modules/@vitest/runner/dist/chunk-hooks.js:752:26
    at file:///Users/admin/MercyB/node_modules/@vitest/runner/dist/chunk-hooks.js:1897:20
    at new Promise (<anonymous>)
    at runWithTimeout (file:///Users/admin/MercyB/node_modules/@vitest/runner/dist/chunk-hooks.js:1863:10)
    at runTest (file:///Users/admin/MercyB/node_modules/@vitest/runner/dist/chunk-hooks.js:1574:12)
    at runSuite (file:///Users/admin/MercyB/node_modules/@vitest/runner/dist/chunk-hooks.js:1729:8)
    at runSuite (file:///Users/admin/MercyB/node_modules/@vitest/runner/dist/chunk-hooks.js:1729:8)
    at runFiles (file:///Users/admin/MercyB/node_modules/@vitest/runner/dist/chunk-hooks.js:1787:3)

 ✓ src/services/__tests__/userSessions.test.ts (8 tests) 9ms
 ✓ src/lib/tracking/__tests__/utm.test.ts (16 tests) 11ms
 ✓ src/lib/writing/__tests__/writing.test.ts (17 tests) 15ms
 ✓ src/data/exam-prep/toeic/__tests__/practice-items.test.ts (14 tests) 25ms
 ✓ supabase/functions/placement-v3-mercy-conversation/__tests__/conversationGrader.test.ts (19 tests) 14ms
 ✓ src/lib/feedback/__tests__/l1-vn-explanations.test.ts (146 tests) 41ms
 ✓ src/__tests__/roomSearch.test.ts (21 tests) 26ms
 ✓ src/lib/__tests__/routeHelper.test.ts (17 tests) 6ms
stderr | src/services/__tests__/emailPreferences.test.ts > unsubscribeByToken > maps errors to rpc_error
[emailPreferences] unsubscribe RPC failed: boom

 ✓ src/services/__tests__/emailPreferences.test.ts (12 tests) 8ms
 ✓ src/data/pronunciation-challenges/__tests__/content.test.ts (12 tests) 17ms
 ✓ supabase/functions/placement-v3-session/__tests__/edgeCases.test.ts (14 tests) 10ms
 ✓ src/lib/teacher-mercy/__tests__/generateTeachingTurn.summary.test.ts (8 tests) 18ms
 ✓ src/data/cultural-packs/vn/__tests__/culturalPacks.test.ts (20 tests) 24ms
 ✓ src/lib/placement/v3/__tests__/lessonIndex.test.ts (5 tests) 197ms
 ✓ supabase/functions/_shared/__tests__/familyInviteValidation.test.ts (16 tests) 12ms
 ✓ src/lib/__tests__/send-feedback.test.ts (4 tests) 11ms
 ✓ src/lib/keyboard/__tests__/globalShortcuts.test.ts (21 tests) 15ms
stderr | src/services/__tests__/speechAttempts.test.ts > recordSpeechAttempt — error handling > returns ok:false and never throws when Supabase errors
[speechAttempts] insert failed: permission denied

stderr | src/services/__tests__/speechAttempts.test.ts > recordSpeechAttempt — error handling > handles a thrown exception during insert
[speechAttempts] insert threw: network

 ✓ src/services/__tests__/speechAttempts.test.ts (14 tests) 7ms
stderr | src/lib/profile/__tests__/publicProfile.test.ts > getPublicProfile (privacy gating) > returns null on RPC error (no leakage)
[publicProfile] RPC error { message: 'boom' }

 ✓ src/billing/recomputeAndPersistEntitlement.test.ts (6 tests) 10ms
 ✓ src/lib/profile/__tests__/publicProfile.test.ts (23 tests) 8ms
 ✓ supabase/functions/placement-v3-session/__tests__/integration.test.ts (10 tests) 12ms
 ✓ src/lib/pronunciation/__tests__/sessionAttempts.test.ts (20 tests) 23ms
 ✓ src/lib/referral/__tests__/referralCap.test.ts (3 tests) 2ms
 ✓ src/components/mercy-guide/tabs/grammar-writing/__tests__/api.test.ts (5 tests) 12ms
stdout | src/__tests__/mercy-logs-and-teacher.test.ts > Mercy Logs > should log events and retrieve them
[MercyLog] room_enter {
  type: 'room_enter',
  roomId: 'test_room',
  id: 'log_1779287440058_wioibo',
  timestampISO: '2026-05-20T14:30:40.058Z'
}
[MercyLog] entry_click {
  type: 'entry_click',
  entrySlug: 'entry_1',
  id: 'log_1779287440061_jdm7ar',
  timestampISO: '2026-05-20T14:30:40.061Z'
}

stdout | src/__tests__/mercy-logs-and-teacher.test.ts > Mercy Logs > should generate unique IDs and timestamps
[MercyLog] room_enter {
  type: 'room_enter',
  id: 'log_1779287440062_56s6he',
  timestampISO: '2026-05-20T14:30:40.062Z'
}
[MercyLog] room_enter {
  type: 'room_enter',
  id: 'log_1779287440062_6zp7n1',
  timestampISO: '2026-05-20T14:30:40.062Z'
}

stdout | src/__tests__/mercy-logs-and-teacher.test.ts > Mercy Logs > should provide log summary counts
[MercyLog] room_enter {
  type: 'room_enter',
  id: 'log_1779287440062_7p6w7f',
  timestampISO: '2026-05-20T14:30:40.062Z'
}
[MercyLog] room_enter {
  type: 'room_enter',
  id: 'log_1779287440062_i5d5lt',
  timestampISO: '2026-05-20T14:30:40.062Z'
}
[MercyLog] entry_click {
  type: 'entry_click',
  id: 'log_1779287440062_yi6g3s',
  timestampISO: '2026-05-20T14:30:40.062Z'
}

stdout | src/__tests__/mercy-logs-and-teacher.test.ts > Mercy Logs > should clear logs
[MercyLog] room_enter {
  type: 'room_enter',
  id: 'log_1779287440063_y10gqn',
  timestampISO: '2026-05-20T14:30:40.063Z'
}

 ✓ src/__tests__/mercy-logs-and-teacher.test.ts (10 tests) 9ms
 ✓ src/lib/stories/__tests__/eligibility.test.ts (13 tests) 8ms
 ✓ src/lib/referral/__tests__/pendingReferral.test.ts (10 tests) 7ms
 ✓ src/lib/writing-feedback/__tests__/scoreEssay.test.ts (44 tests) 14ms
 ✓ src/data/mock-interviews/__tests__/scenarios.test.ts (108 tests) 14ms
 ✓ src/lib/mercy/__tests__/intentDetection.test.ts (52 tests) 15ms
stderr | supabase/functions/stripe-webhook/__tests__/idempotencyClaim.test.ts > claimStripeWebhookEvent > fails open ('table-missing') when stripe_webhook_events is absent (PGRST205)
stripe-webhook stripe_webhook_events table missing; processing without idempotency claim {
  code: 'PGRST205',
  message: "Could not find the table 'public.stripe_webhook_events'"
}

 ✓ supabase/functions/stripe-webhook/__tests__/idempotencyClaim.test.ts (10 tests) 14ms
 ✓ src/lib/security/__tests__/legacyPublicPolicies.migration.test.ts (28 tests) 5ms
 ✓ src/lib/feedback/__tests__/vinglish-detector.test.ts (28 tests) 26ms
stderr | src/services/__tests__/userBehavior.test.ts > userBehavior writers > insert errors degrade gracefully to ok:false
[userBehavior] visited failed: rls

 ✓ src/lib/offline/__tests__/offlineDetector.test.ts (10 tests) 42ms
stderr | src/services/__tests__/userBehavior.test.ts > userBehavior writers > insert throw is caught and returns ok:false
[userBehavior] visited crashed: Error: net
    at /private/tmp/b1-test-stability-push.VtLu79/src/services/__tests__/userBehavior.test.ts:117:38
    at file:///Users/admin/MercyB/node_modules/@vitest/runner/dist/chunk-hooks.js:155:11
    at file:///Users/admin/MercyB/node_modules/@vitest/runner/dist/chunk-hooks.js:752:26
    at file:///Users/admin/MercyB/node_modules/@vitest/runner/dist/chunk-hooks.js:1897:20
    at new Promise (<anonymous>)
    at runWithTimeout (file:///Users/admin/MercyB/node_modules/@vitest/runner/dist/chunk-hooks.js:1863:10)
    at runTest (file:///Users/admin/MercyB/node_modules/@vitest/runner/dist/chunk-hooks.js:1574:12)
    at runSuite (file:///Users/admin/MercyB/node_modules/@vitest/runner/dist/chunk-hooks.js:1729:8)
    at runSuite (file:///Users/admin/MercyB/node_modules/@vitest/runner/dist/chunk-hooks.js:1729:8)
    at runFiles (file:///Users/admin/MercyB/node_modules/@vitest/runner/dist/chunk-hooks.js:1787:3)

 ✓ src/services/__tests__/userBehavior.test.ts (9 tests) 20ms
 ✓ api/_lib/__tests__/l1HintAdapter.test.ts (11 tests) 55ms
 ✓ supabase/functions/_billing/__tests__/verifyAppleJws.test.ts (7 tests) 12ms
 ✓ src/lib/seo/__tests__/generateSitemap.test.ts (9 tests) 6ms
 ✓ src/lib/leaderboard/__tests__/weeklyLeaderboardClient.test.ts (26 tests) 13ms
 ✓ supabase/functions/placement-session/engine/__tests__/session.test.ts (15 tests) 5ms
 ✓ supabase/functions/placement-session/engine/__tests__/itemSelector.test.ts (18 tests) 17ms
 ✓ src/lib/teacher-mercy/teacherMemoryEngine.test.ts (11 tests) 6ms
stdout | src/lib/placement/v2/__tests__/client.test.ts
[MB] Debug hooks attached {
  supabaseUrl: 'https://placeholder.invalid.supabase.co',
  projectId: 'placeholder.invalid.supabase.co',
  storageKey: 'mb-supabase-auth-placeholder.invalid.supabase.co',
  hasAnonKey: true,
  anonKeyPrefix: 'placeholder-anon-k…',
  isDev: true,
  devtools: [
    'window.__MB_SUPABASE__',
    'window.__MB_ENV__?.()',
    'await window.__MB_JWT__?.()',
    'await window.__MB_SESSION__?.()'
  ]
}

stderr | src/lib/placement/v2/__tests__/client.test.ts
[supabaseClient] Missing env vars { supabaseUrl: false, supabaseAnonKey: false }

 ✓ supabase/functions/revenuecat-webhook/__tests__/projection.test.ts (20 tests) 18ms
 ✓ src/lib/xp/__tests__/dailyChallenge.test.ts (15 tests) 13ms
 ✓ src/lib/placement/v2/__tests__/client.test.ts (8 tests) 13ms
 ✓ src/lib/__tests__/chunkReload.test.ts (7 tests) 7ms
 ✓ supabase/functions/_shared/__tests__/accountConversion.test.ts (22 tests) 9ms
 ✓ src/lib/pronunciation/__tests__/recognizer.test.ts (13 tests) 15ms
 ✓ src/lib/__tests__/audio-key-parity.test.ts (36 tests) 7ms
 ✓ src/lib/monitoring/__tests__/bootErrorBuffer.test.ts (11 tests) 14ms
 ✓ src/lib/referral/__tests__/referralReward.test.ts (14 tests) 9ms
 ✓ src/lib/pronunciation/__tests__/audioComparison.test.ts (19 tests) 6ms
 ✓ src/lib/__tests__/roomJsonResolver.offline.test.ts (10 tests) 7ms
 ✓ src/lib/pronunciation/__tests__/soundPairDrills.test.ts (16 tests) 7ms
 ✓ supabase/functions/placement-v3-mercy-conversation/__tests__/signalExtractor.test.ts (16 tests) 9ms
 ✓ supabase/functions/email-unsubscribe/__tests__/decision.test.ts (12 tests) 5ms
 ✓ src/services/__tests__/featureFlagsAdmin.test.ts (17 tests) 10ms
 ✓ src/lib/challenges/__tests__/dailyChallenge.test.ts (10 tests) 7ms
 ✓ supabase/functions/ai-chat/__tests__/factSlotting.test.ts (15 tests) 5ms
 ✓ src/lib/gift/__tests__/fetchActiveGiftSubscription.test.ts (7 tests) 7ms
 ✓ src/__tests__/mercy-rituals.test.ts (43 tests) 7ms
 ✓ src/lib/placement/__tests__/persistence.test.ts (4 tests) 5ms
 ✓ supabase/functions/email-reengagement/__tests__/categorizeForReengagement.test.ts (22 tests) 7ms
 ✓ supabase/functions/placement-session/engine/__tests__/advance.test.ts (7 tests) 8ms
 ✓ src/lib/pronunciation/__tests__/phonemeFeedback.test.ts (19 tests) 10ms
 ✓ src/lib/interview/__tests__/realRubric.test.ts (7 tests) 84ms
 ✓ src/lib/vocabulary/__tests__/autoAdd.test.ts (8 tests) 5ms
 ✓ src/__tests__/mercy-martial-coach.test.ts (14 tests) 6ms
 ✓ src/lib/admin/__tests__/costMonitoring.test.ts (25 tests) 8ms
 ✓ src/lib/teacher-mercy/adaptiveTeachingIntelligence.test.ts (9 tests) 4ms
 ✓ src/lib/pronunciation/__tests__/scorer.test.ts (13 tests) 7ms
 ✓ src/lib/__tests__/streakMath.test.ts (16 tests) 6ms
 ✓ src/lib/vocabulary/__tests__/sm2.test.ts (29 tests) 6ms
 ✓ src/lib/interviewPrompts/__tests__/getPromptsForInterview.test.ts (10 tests) 12ms
 ✓ src/data/exam-prep/toeic/__tests__/score-bands.test.ts (19 tests) 25ms
 ✓ src/lib/audio/filenameValidator.test.ts (26 tests) 8ms
 ✓ src/lib/perf/__tests__/webVitalsTracking.test.ts (13 tests) 6ms
 ✓ src/lib/feedback/__tests__/rule-packs.test.ts (19 tests) 7ms
stderr | src/lib/groups/__tests__/studyGroupClient.test.ts > joinGroup > returns rpc_failed when supabase returns a transport error
[studyGroups] joinGroup RPC error: boom

stderr | src/lib/groups/__tests__/studyGroupClient.test.ts > kickMember > returns rpc_failed when the RPC errors out
[studyGroups] kickMember RPC error: denied

stderr | src/lib/groups/__tests__/studyGroupClient.test.ts > createGroup guards > rejects names shorter than 2 chars
[studyGroups] createGroup rejected: name length out of range

stderr | src/lib/groups/__tests__/studyGroupClient.test.ts > createGroup guards > rejects names longer than 80 chars
[studyGroups] createGroup rejected: name length out of range

 ✓ src/lib/groups/__tests__/studyGroupClient.test.ts (19 tests) 12ms
stderr | src/lib/leaderboard/__tests__/leaderboardClient.test.ts > getWeeklyTop10 > returns [] on RPC error (silent degradation)
[leaderboard] top10 fetch failed: boom

stderr | src/lib/leaderboard/__tests__/leaderboardClient.test.ts > getMyWeeklyRank > returns [] on error
[leaderboard] my-rank fetch failed: denied

stderr | src/lib/leaderboard/__tests__/leaderboardClient.test.ts > awardPoints > rejects negative or non-finite points without hitting RPC
[leaderboard] awardPoints called with invalid points: -5

stderr | src/lib/leaderboard/__tests__/leaderboardClient.test.ts > awardPoints > rejects negative or non-finite points without hitting RPC
[leaderboard] awardPoints called with invalid points: NaN

stderr | src/lib/leaderboard/__tests__/leaderboardClient.test.ts > awardPoints > rejects negative or non-finite points without hitting RPC
[leaderboard] awardPoints called with invalid points: Infinity

stderr | src/lib/leaderboard/__tests__/leaderboardClient.test.ts > awardPoints > reports null on RPC error
[leaderboard] awardPoints failed: boom

 ✓ src/lib/leaderboard/__tests__/leaderboardClient.test.ts (13 tests) 11ms
 ✓ supabase/functions/delete-account/__tests__/email-audit-recipient-scrub.test.ts (6 tests) 27ms
 ✓ src/lib/corporate/__tests__/corporateClient.test.ts (26 tests) 18ms
stdout | src/lib/pronunciation/__tests__/phonemeHeatmap.test.ts
[MB] Debug hooks attached {
  supabaseUrl: 'https://placeholder.invalid.supabase.co',
  projectId: 'placeholder.invalid.supabase.co',
  storageKey: 'mb-supabase-auth-placeholder.invalid.supabase.co',
  hasAnonKey: true,
  anonKeyPrefix: 'placeholder-anon-k…',
  isDev: true,
  devtools: [
    'window.__MB_SUPABASE__',
    'window.__MB_ENV__?.()',
    'await window.__MB_JWT__?.()',
    'await window.__MB_SESSION__?.()'
  ]
}

stderr | src/lib/pronunciation/__tests__/phonemeHeatmap.test.ts
[supabaseClient] Missing env vars { supabaseUrl: false, supabaseAnonKey: false }

 ✓ src/lib/pronunciation/__tests__/phonemeHeatmap.test.ts (12 tests) 9ms
 ✓ src/lib/feedback/__tests__/dialect-detection.test.ts (40 tests) 13ms
 ✓ supabase/functions/azure-phoneme-stream/__tests__/protocol.test.ts (22 tests) 3ms
 ✓ supabase/functions/placement-v3-session/__tests__/scoring.test.ts (6 tests) 5ms
 ✓ src/lib/pronunciation/__tests__/tts.test.ts (11 tests) 7ms
 ✓ src/data/__tests__/rich-lessons-pilot.test.ts (10 tests) 7ms
 ✓ src/__tests__/mercy-talk-budget.test.ts (21 tests) 6ms
 ✓ src/lib/xp/__tests__/xpClient.test.ts (9 tests) 10ms
 ✓ src/lib/mercy/__tests__/conversationCostCap.test.ts (10 tests) 8ms
 ✓ src/lib/placement/v2/__tests__/flow.test.ts (9 tests) 4ms
 ✓ supabase/functions/placement-session/engine/__tests__/itemBank.test.ts (15 tests) 4ms
 ✓ src/services/__tests__/analyticsAdmin.test.ts (13 tests) 6ms
 ✓ src/data/exam-prep/vstep/__tests__/writing-topics.test.ts (11 tests) 6ms
 ✓ src/security/__tests__/canAccessTier.paywall.test.ts (9 tests) 3ms
 ✓ src/services/__tests__/behaviorTrackingFlag.test.ts (7 tests) 4ms
stdout | src/lib/__tests__/analytics.test.ts > trackEvent — GA4 + Microsoft Clarity dispatch > dispatches the event + payload to GA4 (window.gtag)
[analytics] {
  event: 'onboarding_complete',
  payload: { native_language: 'vi', level: 3 },
  timestamp: '2026-05-20T14:30:45.900Z'
}

stdout | src/lib/__tests__/analytics.test.ts > trackEvent — GA4 + Microsoft Clarity dispatch > dispatches the event name to Microsoft Clarity (window.clarity)
[analytics] {
  event: 'onboarding_step_complete',
  payload: { step: 'native', next: 'target' },
  timestamp: '2026-05-20T14:30:45.904Z'
}

stdout | src/lib/__tests__/analytics.test.ts > trackEvent — GA4 + Microsoft Clarity dispatch > fans out to GA4 AND Clarity in a single call
[analytics] {
  event: 'onboarding_skipped',
  payload: { from_step: 'target' },
  timestamp: '2026-05-20T14:30:45.904Z'
}

stdout | src/lib/__tests__/analytics.test.ts > trackEvent — GA4 + Microsoft Clarity dispatch > strips non-serializable payload values before dispatch
[analytics] {
  event: 'onboarding_complete',
  payload: { keep: 'ok' },
  timestamp: '2026-05-20T14:30:45.905Z'
}

stdout | src/lib/__tests__/analytics.test.ts > trackEvent — GA4 + Microsoft Clarity dispatch > never throws when no provider globals are present (dev / pre-consent)
[analytics] {
  event: 'onboarding_complete',
  payload: { native_language: 'vi' },
  timestamp: '2026-05-20T14:30:45.906Z'
}

stdout | src/lib/__tests__/analytics.test.ts > trackEvent — GA4 + Microsoft Clarity dispatch > a throwing Clarity global does not break GA4 dispatch
[analytics] {
  event: 'onboarding_complete',
  payload: {},
  timestamp: '2026-05-20T14:30:45.906Z'
}

 ✓ src/lib/__tests__/analytics.test.ts (6 tests) 9ms
 ✓ supabase/functions/placement-session/engine/__tests__/thetaEstimator.test.ts (25 tests) 11ms
 ✓ supabase/functions/placement-v3-session/__tests__/persistence.test.ts (5 tests) 3ms
 ✓ src/lib/xp/__tests__/awardXPEvent.test.ts (13 tests) 10ms
 ✓ src/lib/__tests__/streakMigration.test.ts (17 tests) 8ms
 ✓ supabase/functions/placement-v3-session/__tests__/state.test.ts (8 tests) 4ms
 ✓ src/lib/pronunciation/__tests__/heatmapInsights.test.ts (13 tests) 5ms
 ✓ src/lib/teacher-mercy/learningStyleProfile.test.ts (16 tests) 7ms
 ✓ src/lib/pronunciation/__tests__/phonemeHints.test.ts (46 tests) 6ms
 ✓ supabase/functions/placement-v3-session/__tests__/core.test.ts (8 tests) 8ms
stdout | src/lib/__tests__/streakCache.test.ts
[MB] Debug hooks attached {
  supabaseUrl: 'https://placeholder.invalid.supabase.co',
  projectId: 'placeholder.invalid.supabase.co',
  storageKey: 'mb-supabase-auth-placeholder.invalid.supabase.co',
  hasAnonKey: true,
  anonKeyPrefix: 'placeholder-anon-k…',
  isDev: true,
  devtools: [
    'window.__MB_SUPABASE__',
    'window.__MB_ENV__?.()',
    'await window.__MB_JWT__?.()',
    'await window.__MB_SESSION__?.()'
  ]
}

stderr | src/lib/__tests__/streakCache.test.ts
[supabaseClient] Missing env vars { supabaseUrl: false, supabaseAnonKey: false }

 ✓ src/lib/__tests__/streakCache.test.ts (4 tests) 5ms
 ✓ src/lib/teacher-mercy/repetitionGuard.test.ts (8 tests) 7ms
stderr | src/lib/__tests__/roomSpecificationCache.test.ts > getEffectiveRoomSpec result cache > does NOT cache fail-open error returns (so Supabase recovery is visible)
[roomSpec] assignments query failed: boom

stderr | src/lib/__tests__/roomSpecificationCache.test.ts > getEffectiveRoomSpec result cache > does NOT cache fail-open error returns (so Supabase recovery is visible)
[roomSpec] assignments query failed: boom

 ✓ src/lib/__tests__/roomSpecificationCache.test.ts (7 tests) 11ms
 ✓ supabase/functions/placement-session/engine/__tests__/result.test.ts (8 tests) 24ms
 ✓ supabase/functions/weekly-digest-email/__tests__/render.test.ts (19 tests) 9ms
 ✓ src/lib/interviewPrompts/__tests__/eligibility.test.ts (7 tests) 4ms
 ✓ src/billing/computeEntitlement.corporate.test.ts (10 tests) 5ms
 ✓ src/lib/mercy/__tests__/chatReducer.test.ts (20 tests) 6ms
 ✓ src/lib/weakness/__tests__/recommendationEngine.test.ts (23 tests) 6ms
 ✓ src/lib/streaks/__tests__/streakRules.test.ts (32 tests) 9ms
 ✓ src/lib/push/__tests__/pushTokenRegistration.test.ts (10 tests) 6ms
 ✓ src/lib/admin/__tests__/errorBudget.test.ts (24 tests) 8ms
 ✓ src/config/__tests__/mercyPersona.test.ts (32 tests) 4ms
 ✓ src/lib/stories/__tests__/storyPromptGate.test.ts (7 tests) 5ms
 ✓ supabase/functions/stripe-webhook/__tests__/periodResolution.test.ts (10 tests) 5ms
 ✓ supabase/functions/placement-session/engine/__tests__/terminator.test.ts (19 tests) 5ms
 ✓ src/lib/interviewPrompts/__tests__/rlsContract.test.ts (7 tests) 5ms
 ✓ src/billing/__tests__/computeEntitlementWithGifts.test.ts (11 tests) 5ms
 ✓ src/billing/__tests__/familyEntitlement.test.ts (14 tests) 6ms
 ✓ src/__tests__/jsonParsing.test.tsx (16 tests) 6ms
 ✓ supabase/functions/stripe-webhook/__tests__/deriveEntitlement.test.ts (14 tests) 6ms
 ✓ src/lib/teacher-mercy/adaptiveLessonFlowEngine.test.ts (10 tests) 6ms
 ✓ supabase/functions/_shared/__tests__/unsubscribe.test.ts (16 tests) 4ms
 ✓ src/lib/queries/__tests__/client.test.ts (3 tests) 3ms
 ✓ src/lib/analytics/__tests__/speechProgress.test.ts (12 tests) 7ms
 ✓ supabase/functions/_shared/__tests__/mockInterviewRateLimit.test.ts (20 tests) 10ms
 ✓ src/lib/xp/__tests__/levels.test.ts (18 tests) 5ms
 ✓ src/lib/security/__tests__/secdefBrowserWriteWrappers.migration.test.ts (22 tests) 6ms
 ✓ src/lib/teacher-mercy/teacherContinuity.test.ts (16 tests) 10ms
 ✓ supabase/functions/_shared/__tests__/pushNotifications.test.ts (31 tests) 6ms
 ✓ supabase/functions/placement-v3-mercy-conversation/__tests__/adaptiveLogic.test.ts (6 tests) 6ms
 ✓ src/lib/admin/__tests__/costAlerts.test.ts (10 tests) 4ms
 ✓ src/lib/teacher-portal/__tests__/rlsContract.test.ts (9 tests) 13ms
 ✓ src/lib/__tests__/swRecovery.test.ts (5 tests) 4ms
 ✓ src/lib/__tests__/roomJsonValidation.test.ts (12 tests) 15ms
 ✓ src/lib/__tests__/authRedirect.test.ts (11 tests) 4ms
 ✓ src/lib/mercy/__tests__/conversationClient.test.ts (12 tests) 9ms
 ✓ supabase/functions/placement-session/engine/__tests__/irt.test.ts (19 tests) 4ms
 ✓ supabase/functions/get-subscription-status/__tests__/core.test.ts (14 tests) 5ms
 ✓ src/data/exam-prep/ielts/__tests__/band-descriptors.test.ts (21 tests) 4ms
 ✓ src/lib/pronunciation/__tests__/drillTelemetry.test.ts (5 tests) 4ms
 ✓ src/lib/admin/__tests__/latencyAlerts.test.ts (16 tests) 4ms
 ✓ src/lib/teacher-mercy/teacherEmotionModel.test.ts (6 tests) 6ms
 ✓ supabase/functions/_shared/__tests__/billing.test.ts (9 tests) 6ms
 ✓ src/__tests__/roomMetrics.test.ts (13 tests) 5ms
 ✓ src/lib/interviewPrompts/__tests__/mixPrompts.test.ts (7 tests) 14ms
 ✓ supabase/functions/placement-v3-session/__tests__/errorRecovery.test.ts (7 tests) 4ms
 ✓ supabase/functions/save-room-json/__tests__/validation.test.ts (20 tests) 10ms
stdout | src/components/home/__tests__/RecommendedDrillCard.test.ts
[MB] Debug hooks attached {
  supabaseUrl: 'https://placeholder.invalid.supabase.co',
  projectId: 'placeholder.invalid.supabase.co',
  storageKey: 'mb-supabase-auth-placeholder.invalid.supabase.co',
  hasAnonKey: true,
  anonKeyPrefix: 'placeholder-anon-k…',
  isDev: true,
  devtools: [
    'window.__MB_SUPABASE__',
    'window.__MB_ENV__?.()',
    'await window.__MB_JWT__?.()',
    'await window.__MB_SESSION__?.()'
  ]
}

stderr | src/components/home/__tests__/RecommendedDrillCard.test.ts
[supabaseClient] Missing env vars { supabaseUrl: false, supabaseAnonKey: false }

 ✓ src/components/home/__tests__/RecommendedDrillCard.test.ts (7 tests) 3ms
 ✓ src/lib/admin/__tests__/cohortRetention.test.ts (21 tests) 7ms
 ✓ src/lib/lessons/__tests__/dailyLesson.test.ts (13 tests) 5ms
stdout | src/lib/mercy/__tests__/practiceRecommendations.test.ts
[MB] Debug hooks attached {
  supabaseUrl: 'https://placeholder.invalid.supabase.co',
  projectId: 'placeholder.invalid.supabase.co',
  storageKey: 'mb-supabase-auth-placeholder.invalid.supabase.co',
  hasAnonKey: true,
  anonKeyPrefix: 'placeholder-anon-k…',
  isDev: true,
  devtools: [
    'window.__MB_SUPABASE__',
    'window.__MB_ENV__?.()',
    'await window.__MB_JWT__?.()',
    'await window.__MB_SESSION__?.()'
  ]
}

stderr | src/lib/mercy/__tests__/practiceRecommendations.test.ts
[supabaseClient] Missing env vars { supabaseUrl: false, supabaseAnonKey: false }

 ✓ src/lib/teacher-mercy/__tests__/lessonMemory.test.ts (11 tests) 4ms
 ✓ src/lib/mercy/__tests__/practiceRecommendations.test.ts (22 tests) 4ms
 ✓ supabase/functions/stripe-webhook/__tests__/rawPayloadObjectQuality.test.ts (9 tests) 4ms
 ✓ supabase/functions/placement-v3-session/__tests__/resumePolicy.test.ts (6 tests) 5ms
 ✓ supabase/functions/stripe-webhook/__tests__/subscriptionInsert.test.ts (9 tests) 4ms
 ✓ src/components/languages/__tests__/nativeContent.test.ts (7 tests) 3ms
 ✓ src/lib/teacher-mercy/__tests__/toneCalibration.test.ts (17 tests) 18ms
 ✓ supabase/functions/placement-v3-session/__tests__/modality.test.ts (9 tests) 4ms
 ✓ src/lib/admin/__tests__/perfAlerts.test.ts (6 tests) 3ms
 ✓ supabase/functions/_shared/__tests__/premiumEntitlement.test.ts (17 tests) 7ms
 ✓ src/components/streak/__tests__/streakCopy.test.ts (11 tests) 4ms
 ✓ src/lib/analytics/__tests__/cohortRetention.test.ts (9 tests) 6ms
 ✓ src/lib/accessCodes/__tests__/rlsContract.test.ts (6 tests) 4ms
 ✓ supabase/functions/trial-expiry-emails/__tests__/categorizeForTrialExpiry.test.ts (27 tests) 13ms
 ✓ src/lib/teacher-portal/__tests__/teacherNotifications.test.ts (6 tests) 5ms
 ✓ src/lib/pronunciation/__tests__/drillGraduation.test.ts (12 tests) 5ms
 ✓ src/lib/share/__tests__/scoreCard.test.ts (14 tests) 4ms
stdout | src/lib/__tests__/tierRoomSource.test.ts
[MB] Debug hooks attached {
  supabaseUrl: 'https://placeholder.invalid.supabase.co',
  projectId: 'placeholder.invalid.supabase.co',
  storageKey: 'mb-supabase-auth-placeholder.invalid.supabase.co',
  hasAnonKey: true,
  anonKeyPrefix: 'placeholder-anon-k…',
  isDev: true,
  devtools: [
    'window.__MB_SUPABASE__',
    'window.__MB_ENV__?.()',
    'await window.__MB_JWT__?.()',
    'await window.__MB_SESSION__?.()'
  ]
}

stderr | src/lib/__tests__/tierRoomSource.test.ts
[supabaseClient] Missing env vars { supabaseUrl: false, supabaseAnonKey: false }

 ✓ src/lib/__tests__/tierRoomSource.test.ts (12 tests) 7ms
 ✓ supabase/functions/_shared/__tests__/familyInviteRateLimit.test.ts (8 tests) 4ms
 ✓ src/lib/xp/__tests__/eventTypes.test.ts (6 tests) 6ms
 ✓ supabase/functions/ai-chat/__tests__/conversationCostCap.test.ts (20 tests) 6ms
 ✓ src/lib/analytics/__tests__/dataMoatReport.test.ts (4 tests) 4ms
 ✓ supabase/functions/teacher-notifications/__tests__/http-status.test.ts (11 tests) 6ms
stdout | src/lib/__tests__/authHelpers.test.ts
[MB] Debug hooks attached {
  supabaseUrl: 'https://placeholder.invalid.supabase.co',
  projectId: 'placeholder.invalid.supabase.co',
  storageKey: 'mb-supabase-auth-placeholder.invalid.supabase.co',
  hasAnonKey: true,
  anonKeyPrefix: 'placeholder-anon-k…',
  isDev: true,
  devtools: [
    'window.__MB_SUPABASE__',
    'window.__MB_ENV__?.()',
    'await window.__MB_JWT__?.()',
    'await window.__MB_SESSION__?.()'
  ]
}

stderr | src/lib/__tests__/authHelpers.test.ts
[supabaseClient] Missing env vars { supabaseUrl: false, supabaseAnonKey: false }

 ✓ src/lib/__tests__/authHelpers.test.ts (12 tests) 4ms
 ✓ src/data/exam-prep/ielts/__tests__/structure.test.ts (9 tests) 3ms
 ✓ src/data/exam-prep/toeic/__tests__/structure.test.ts (9 tests) 4ms
 ✓ src/lib/__tests__/apiBase.test.ts (8 tests) 5ms
 ✓ supabase/migrations/__tests__/placement_v3_schema.test.ts (9 tests) 6ms
 ✓ src/lib/certificates/__tests__/checkMilestones.test.ts (10 tests) 6ms
 ✓ src/lib/seo/__tests__/topicSeoMeta.test.ts (12 tests) 3ms
 ✓ src/lib/teacher-mercy/responsePlanner.test.ts (9 tests) 4ms
 ✓ src/lib/weakness/__tests__/focusAreasLogic.test.ts (13 tests) 12ms
stdout | src/lib/mercy/__tests__/progressContext.test.ts
[MB] Debug hooks attached {
  supabaseUrl: 'https://placeholder.invalid.supabase.co',
  projectId: 'placeholder.invalid.supabase.co',
  storageKey: 'mb-supabase-auth-placeholder.invalid.supabase.co',
  hasAnonKey: true,
  anonKeyPrefix: 'placeholder-anon-k…',
  isDev: true,
  devtools: [
    'window.__MB_SUPABASE__',
    'window.__MB_ENV__?.()',
    'await window.__MB_JWT__?.()',
    'await window.__MB_SESSION__?.()'
  ]
}

stderr | src/lib/mercy/__tests__/progressContext.test.ts
[supabaseClient] Missing env vars { supabaseUrl: false, supabaseAnonKey: false }

 ✓ src/lib/mercy/__tests__/progressContext.test.ts (10 tests) 3ms
 ✓ src/lib/roadmap/__tests__/roadmapClient.test.ts (5 tests) 4ms
 ✓ supabase/functions/placement-session/__tests__/cefrToRoomServer.test.ts (3 tests) 3ms
 ✓ src/lib/__tests__/chunkLoadError.test.ts (10 tests) 4ms
 ✓ src/lib/auth/__tests__/conversionTriggers.test.ts (13 tests) 10ms
 ✓ supabase/functions/revenuecat-webhook/__tests__/auth.test.ts (16 tests) 5ms
 ✓ src/config/__tests__/product.test.ts (8 tests) 4ms
 ✓ supabase/functions/streak-reminder-email/__tests__/index.test.ts (6 tests) 11ms
stdout | src/lib/share/__tests__/uploadShareCard.test.ts
[MB] Debug hooks attached {
  supabaseUrl: 'https://placeholder.invalid.supabase.co',
  projectId: 'placeholder.invalid.supabase.co',
  storageKey: 'mb-supabase-auth-placeholder.invalid.supabase.co',
  hasAnonKey: true,
  anonKeyPrefix: 'placeholder-anon-k…',
  isDev: true,
  devtools: [
    'window.__MB_SUPABASE__',
    'window.__MB_ENV__?.()',
    'await window.__MB_JWT__?.()',
    'await window.__MB_SESSION__?.()'
  ]
}

stderr | src/lib/share/__tests__/uploadShareCard.test.ts
[supabaseClient] Missing env vars { supabaseUrl: false, supabaseAnonKey: false }

 ✓ src/lib/share/__tests__/uploadShareCard.test.ts (4 tests) 2ms
 ✓ supabase/functions/delete-account/__tests__/index-wiring.test.ts (5 tests) 4ms
 ✓ supabase/functions/delete-account/__tests__/user-data-manifest.test.ts (6 tests) 4ms
 ✓ src/lib/teacher-mercy/__tests__/responsePlanner.test.ts (17 tests) 4ms
 ✓ src/lib/teacher-mercy/specificPraise.test.ts (11 tests) 7ms
 ✓ src/lib/analytics/__tests__/weaknessTrends.test.ts (6 tests) 4ms
 ✓ src/lib/languagePair/__tests__/languagePair.test.ts (8 tests) 4ms
 ✓ src/lib/perf/__tests__/perfBudget.test.ts (13 tests) 9ms
 ✓ src/lib/admin/__tests__/incidentLog.test.ts (11 tests) 4ms
 ✓ supabase/functions/_shared/__tests__/sentry.test.ts (4 tests) 39ms
 ✓ src/billing/stripe/mapStripeSubscription.test.ts (2 tests) 2ms
 ✓ src/lib/export/__tests__/progressExport.test.ts (12 tests) 5ms
stdout | src/lib/admin/__tests__/feedbackTriageClient.test.ts
[MB] Debug hooks attached {
  supabaseUrl: 'https://placeholder.invalid.supabase.co',
  projectId: 'placeholder.invalid.supabase.co',
  storageKey: 'mb-supabase-auth-placeholder.invalid.supabase.co',
  hasAnonKey: true,
  anonKeyPrefix: 'placeholder-anon-k…',
  isDev: true,
  devtools: [
    'window.__MB_SUPABASE__',
    'window.__MB_ENV__?.()',
    'await window.__MB_JWT__?.()',
    'await window.__MB_SESSION__?.()'
  ]
}

stderr | src/lib/admin/__tests__/feedbackTriageClient.test.ts
[supabaseClient] Missing env vars { supabaseUrl: false, supabaseAnonKey: false }

 ✓ src/lib/admin/__tests__/feedbackTriageClient.test.ts (5 tests) 3ms
 ✓ src/billing/computeEntitlement.test.ts (1 test) 3ms
 ✓ src/components/room/__tests__/roomIntroFallback.test.ts (8 tests) 3ms
 ✓ supabase/functions/admin-management/__tests__/http-status.test.ts (13 tests) 4ms
 ✓ src/components/exam-prep/toeic/__tests__/timedPractice.test.ts (5 tests) 5ms
 ✓ supabase/functions/stripe-webhook/__tests__/formatMoney.test.ts (9 tests) 5ms
 ✓ src/lib/stories/__tests__/rlsContract.test.ts (5 tests) 5ms
 ✓ supabase/functions/stripe-webhook/__tests__/parseWebhookSecrets.test.ts (5 tests) 3ms
 ✓ supabase/functions/placement-session/engine/__tests__/scoring.test.ts (7 tests) 5ms
 ✓ src/lib/security/__tests__/mfaEligibility.test.ts (8 tests) 2ms
 ✓ src/lib/referral/__tests__/familyInviteCopy.test.ts (10 tests) 4ms
 ✓ src/lib/publicApi/__tests__/rateLimit.test.ts (9 tests) 4ms
 ✓ src/lib/languagePair/__tests__/anonymousPair.test.ts (8 tests) 4ms
 ✓ src/lib/__tests__/vstepScoreEstimator.test.ts (8 tests) 4ms
 ✓ src/languages/__tests__/normalizeTitle.test.ts (4 tests) 6ms
stderr | supabase/functions/azure-phoneme/__tests__/index.test.ts > handleRequest — Azure timeout > returns 200 sentinel use_local:true when fetch aborts past the timeout
[azure-phoneme] Azure call timed out

 ✓ supabase/functions/azure-phoneme/__tests__/index.test.ts (26 tests) 122ms
stderr | supabase/functions/writing-feedback/__tests__/index.test.ts > handleRequest — AI failure > returns 503 when callAi throws
[writing-feedback] callAi threw Error: upstream down
    at /private/tmp/b1-test-stability-push.VtLu79/supabase/functions/writing-feedback/__tests__/index.test.ts:175:41
    at file:///Users/admin/MercyB/node_modules/@vitest/runner/dist/chunk-hooks.js:155:11
    at file:///Users/admin/MercyB/node_modules/@vitest/runner/dist/chunk-hooks.js:752:26
    at file:///Users/admin/MercyB/node_modules/@vitest/runner/dist/chunk-hooks.js:1897:20
    at new Promise (<anonymous>)
    at runWithTimeout (file:///Users/admin/MercyB/node_modules/@vitest/runner/dist/chunk-hooks.js:1863:10)
    at runTest (file:///Users/admin/MercyB/node_modules/@vitest/runner/dist/chunk-hooks.js:1574:12)
    at runSuite (file:///Users/admin/MercyB/node_modules/@vitest/runner/dist/chunk-hooks.js:1729:8)
    at runSuite (file:///Users/admin/MercyB/node_modules/@vitest/runner/dist/chunk-hooks.js:1729:8)
    at runFiles (file:///Users/admin/MercyB/node_modules/@vitest/runner/dist/chunk-hooks.js:1787:3)

 ✓ supabase/functions/writing-feedback/__tests__/index.test.ts (11 tests) 20ms
 ✓ src/lib/teacher-portal/__tests__/types.test.ts (4 tests) 3ms
 ✓ src/config/__tests__/mercyRegisterContract.test.ts (5 tests) 4ms
 ✓ supabase/functions/email-broadcast/__tests__/http-status.test.ts (13 tests) 4ms
 ✓ supabase/functions/placement-v3-mercy-conversation/__tests__/persona.test.ts (5 tests) 4ms
 ✓ supabase/functions/delete-account/__tests__/aal-gate.test.ts (10 tests) 5ms
 ✓ supabase/functions/stripe-webhook/__tests__/eventTypes.test.ts (2 tests) 5ms
 ✓ src/__tests__/room.smoke.test.ts (2 tests) 4ms
stdout | src/lib/i18n/__tests__/chromeLanguage.test.ts
[MB] Debug hooks attached {
  supabaseUrl: 'https://placeholder.invalid.supabase.co',
  projectId: 'placeholder.invalid.supabase.co',
  storageKey: 'mb-supabase-auth-placeholder.invalid.supabase.co',
  hasAnonKey: true,
  anonKeyPrefix: 'placeholder-anon-k…',
  isDev: true,
  devtools: [
    'window.__MB_SUPABASE__',
    'window.__MB_ENV__?.()',
    'await window.__MB_JWT__?.()',
    'await window.__MB_SESSION__?.()'
  ]
}

stderr | src/lib/i18n/__tests__/chromeLanguage.test.ts
[supabaseClient] Missing env vars { supabaseUrl: false, supabaseAnonKey: false }

 ✓ src/lib/i18n/__tests__/chromeLanguage.test.ts (3 tests) 5ms
 ✓ src/lib/auth/__tests__/anonymousBootstrap.test.ts (8 tests) 5ms
 ✓ supabase/functions/placement-v3-grade-writing/__tests__/core.test.ts (13 tests) 14ms
 ✓ src/lib/audio/__tests__/wavEncoder.test.ts (9 tests) 7ms
stdout | src/lib/pronunciation/__tests__/cloudScorer.test.ts > scoreCloud — cloud success > returns the projected ScoreResult when the edge function succeeds
[cloudScorer] provider= azure latency= 2 ms 

stdout | src/lib/pronunciation/__tests__/cloudScorer.test.ts > scoreCloud — use_local sentinel > falls back to scorePronunciation when the edge function returns ok:false, use_local:true
[cloudScorer] provider= local latency= 0 ms reason=sentinel:daily_cap_reached

stdout | src/lib/pronunciation/__tests__/cloudScorer.test.ts > scoreCloud — network error > falls back to scorePronunciation when fetch throws
[cloudScorer] provider= local latency= 1 ms reason=fetch_threw:fetch failed: ECONNREFUSED

stdout | src/lib/pronunciation/__tests__/cloudScorer.test.ts > scoreCloud — network error > falls back when the response is non-JSON
[cloudScorer] provider= local latency= 0 ms reason=non_json_response

stdout | src/lib/pronunciation/__tests__/cloudScorer.test.ts > scoreCloud — network error > falls back on HTTP 5xx
[cloudScorer] provider= local latency= 0 ms reason=http_502

stdout | src/lib/pronunciation/__tests__/cloudScorer.test.ts > scoreCloud — WAV conversion failure > falls back to scorePronunciation when blobToWavPcm16k throws
[cloudScorer] provider= local latency= 0 ms reason=wav_decode_error:decodeAudioData failed

 ✓ src/lib/pronunciation/__tests__/cloudScorer.test.ts (7 tests) 14ms
 ✓ src/lib/referral/__tests__/leaderboardRlsContract.test.ts (19 tests) 15ms
 ✓ src/lib/referral/__tests__/leaderboardOptIn.test.ts (17 tests) 10ms
 ✓ src/lib/referral/__tests__/leaderboardClient.test.ts (8 tests) 4ms
 ✓ src/lib/referral/__tests__/leaderboardAntiGaming.test.ts (11 tests) 5ms
 ✓ src/lib/referral/__tests__/recognitionEmailLogic.test.ts (9 tests) 2ms
 ✓ src/lib/share/__tests__/referralLeaderboardShare.test.ts (12 tests) 3ms

 Test Files  407 passed (407)
      Tests  7070 passed (7070)
   Start at  08:30:18
   Duration  37.76s (transform 10.09s, setup 29.84s, collect 42.03s, tests 31.03s, environment 171.23s, prepare 21.58s)

